model,variant,split,metric,k,value,n_users,n_ratings,seed,run_id,timestamp,history
global_mean,history=1,test,rmse,,1.2074270072195372,200,5081,20260903,20260908T113236,1788847356,1
global_mean,history=1,test,mae,,0.9965886956642441,200,5081,20260903,20260908T113236,1788847356,1
global_mean,history=1,test,precision_at_k,5.0,0.019289340101522848,197,0,20260903,20260908T113236,1788847356,1
global_mean,history=1,test,recall_at_k,5.0,0.006858401649323616,197,0,20260903,20260908T113236,1788847356,1
global_mean,history=1,test,coverage,5.0,0.0038684719535783366,197,0,20260903,20260908T113236,1788847356,1
global_mean,history=1,test,mean_popularity,5.0,103.4507614213198,197,0,20260903,20260908T113236,1788847356,1
global_mean,history=1,test,popularity_percentile,5.0,0.8300239069919764,197,0,20260903,20260908T113236,1788847356,1
global_mean,history=1,test,gini,5.0,0.9967644912239361,197,0,20260903,20260908T113236,1788847356,1
global_mean,history=1,test,precision_at_k,10.0,0.022335025380710662,197,0,20260903,20260908T113236,1788847356,1
global_mean,history=1,test,recall_at_k,10.0,0.02056042989838101,197,0,20260903,20260908T113236,1788847356,1
global_mean,history=1,test,coverage,10.0,0.0070921985815602835,197,0,20260903,20260908T113236,1788847356,1
global_mean,history=1,test,mean_popularity,10.0,114.35736040609137,197,0,20260903,20260908T113236,1788847356,1
global_mean,history=1,test,popularity_percentile,10.0,0.8424663500900605,197,0,20260903,20260908T113236,1788847356,1
global_mean,history=1,test,gini,10.0,0.9935446919786481,197,0,20260903,20260908T113236,1788847356,1
global_mean,history=1,test,precision_at_k,20.0,0.0200507614213198,197,0,20260903,20260908T113236,1788847356,1
global_mean,history=1,test,recall_at_k,20.0,0.036847350796105086,197,0,20260903,20260908T113236,1788847356,1
global_mean,history=1,test,coverage,20.0,0.013539651837524178,197,0,20260903,20260908T113236,1788847356,1
global_mean,history=1,test,mean_popularity,20.0,100.24644670050762,197,0,20260903,20260908T113236,1788847356,1
global_mean,history=1,test,popularity_percentile,20.0,0.8174940232520059,197,0,20260903,20260908T113236,1788847356,1
global_mean,history=1,test,gini,20.0,0.9870982205683577,197,0,20260903,20260908T113236,1788847356,1
user_mean,history=1,test,rmse,,1.1885398340233653,200,5081,20260903,20260908T113236,1788847356,1
user_mean,history=1,test,mae,,0.9788637101984264,200,5081,20260903,20260908T113236,1788847356,1
user_mean,history=1,test,precision_at_k,5.0,0.019289340101522848,197,0,20260903,20260908T113236,1788847356,1
user_mean,history=1,test,recall_at_k,5.0,0.006858401649323616,197,0,20260903,20260908T113236,1788847356,1
user_mean,history=1,test,coverage,5.0,0.0038684719535783366,197,0,20260903,20260908T113236,1788847356,1
user_mean,history=1,test,mean_popularity,5.0,103.4507614213198,197,0,20260903,20260908T113236,1788847356,1
user_mean,history=1,test,popularity_percentile,5.0,0.8300239069919764,197,0,20260903,20260908T113236,1788847356,1
user_mean,history=1,test,gini,5.0,0.9967644912239361,197,0,20260903,20260908T113236,1788847356,1
user_mean,history=1,test,precision_at_k,10.0,0.022335025380710662,197,0,20260903,20260908T113236,1788847356,1
user_mean,history=1,test,recall_at_k,10.0,0.02056042989838101,197,0,20260903,20260908T113236,1788847356,1
user_mean,history=1,test,coverage,10.0,0.0070921985815602835,197,0,20260903,20260908T113236,1788847356,1
user_mean,history=1,test,mean_popularity,10.0,114.35736040609137,197,0,20260903,20260908T113236,1788847356,1
user_mean,history=1,test,popularity_percentile,10.0,0.8424663500900605,197,0,20260903,20260908T113236,1788847356,1
user_mean,history=1,test,gini,10.0,0.9935446919786481,197,0,20260903,20260908T113236,1788847356,1
user_mean,history=1,test,precision_at_k,20.0,0.0200507614213198,197,0,20260903,20260908T113236,1788847356,1
user_mean,history=1,test,recall_at_k,20.0,0.036847350796105086,197,0,20260903,20260908T113236,1788847356,1
user_mean,history=1,test,coverage,20.0,0.013539651837524178,197,0,20260903,20260908T113236,1788847356,1
user_mean,history=1,test,mean_popularity,20.0,100.24644670050762,197,0,20260903,20260908T113236,1788847356,1
user_mean,history=1,test,popularity_percentile,20.0,0.8174940232520059,197,0,20260903,20260908T113236,1788847356,1
user_mean,history=1,test,gini,20.0,0.9870982205683577,197,0,20260903,20260908T113236,1788847356,1
item_mean,history=1,test,rmse,,1.0752170726028716,200,5081,20260903,20260908T113236,1788847356,1
item_mean,history=1,test,mae,,0.8601441483514306,200,5081,20260903,20260908T113236,1788847356,1
item_mean,history=1,test,precision_at_k,5.0,0.023350253807106598,197,0,20260903,20260908T113236,1788847356,1
item_mean,history=1,test,recall_at_k,5.0,0.009435596870536706,197,0,20260903,20260908T113236,1788847356,1
item_mean,history=1,test,coverage,5.0,0.0038684719535783366,197,0,20260903,20260908T113236,1788847356,1
item_mean,history=1,test,mean_popularity,5.0,134.3532994923858,197,0,20260903,20260908T113236,1788847356,1
item_mean,history=1,test,popularity_percentile,5.0,0.9264208285573932,197,0,20260903,20260908T113236,1788847356,1
item_mean,history=1,test,gini,5.0,0.9967723459893241,197,0,20260903,20260908T113236,1788847356,1
item_mean,history=1,test,precision_at_k,10.0,0.029441624365482238,197,0,20260903,20260908T113236,1788847356,1
item_mean,history=1,test,recall_at_k,10.0,0.022893033612080907,197,0,20260903,20260908T113236,1788847356,1
item_mean,history=1,test,coverage,10.0,0.0070921985815602835,197,0,20260903,20260908T113236,1788847356,1
item_mean,history=1,test,mean_popularity,10.0,170.6553299492386,197,0,20260903,20260908T113236,1788847356,1
item_mean,history=1,test,popularity_percentile,10.0,0.9470912068118552,197,0,20260903,20260908T113236,1788847356,1
item_mean,history=1,test,gini,10.0,0.9935414191597365,197,0,20260903,20260908T113236,1788847356,1
item_mean,history=1,test,precision_at_k,20.0,0.025634517766497462,197,0,20260903,20260908T113236,1788847356,1
item_mean,history=1,test,recall_at_k,20.0,0.03968718332020724,197,0,20260903,20260908T113236,1788847356,1
item_mean,history=1,test,coverage,20.0,0.013539651837524178,197,0,20260903,20260908T113236,1788847356,1
item_mean,history=1,test,mean_popularity,20.0,149.94238578680202,197,0,20260903,20260908T113236,1788847356,1
item_mean,history=1,test,popularity_percentile,20.0,0.9300135909611921,197,0,20260903,20260908T113236,1788847356,1
item_mean,history=1,test,gini,20.0,0.9870936386218814,197,0,20260903,20260908T113236,1788847356,1
most_popular,history=1,test,rmse,,1.2074270072195372,200,5081,20260903,20260908T113236,1788847356,1
most_popular,history=1,test,mae,,0.9965886956642441,200,5081,20260903,20260908T113236,1788847356,1
most_popular,history=1,test,precision_at_k,5.0,0.04060913705583756,197,0,20260903,20260908T113236,1788847356,1
most_popular,history=1,test,recall_at_k,5.0,0.014708797611010453,197,0,20260903,20260908T113236,1788847356,1
most_popular,history=1,test,coverage,5.0,0.0038684719535783366,197,0,20260903,20260908T113236,1788847356,1
most_popular,history=1,test,mean_popularity,5.0,352.9908629441624,197,0,20260903,20260908T113236,1788847356,1
most_popular,history=1,test,popularity_percentile,5.0,0.9987077124611102,197,0,20260903,20260908T113236,1788847356,1
most_popular,history=1,test,gini,5.0,0.9967723459893241,197,0,20260903,20260908T113236,1788847356,1
most_popular,history=1,test,precision_at_k,10.0,0.04060913705583756,197,0,20260903,20260908T113236,1788847356,1
most_popular,history=1,test,recall_at_k,10.0,0.03369671866172227,197,0,20260903,20260908T113236,1788847356,1
most_popular,history=1,test,coverage,10.0,0.0070921985815602835,197,0,20260903,20260908T113236,1788847356,1
most_popular,history=1,test,mean_popularity,10.0,331.0223350253807,197,0,20260903,20260908T113236,1788847356,1
most_popular,history=1,test,popularity_percentile,10.0,0.9970869494023253,197,0,20260903,20260908T113236,1788847356,1
most_popular,history=1,test,gini,10.0,0.9935388009046071,197,0,20260903,20260908T113236,1788847356,1
most_popular,history=1,test,precision_at_k,20.0,0.042639593908629446,197,0,20260903,20260908T113236,1788847356,1
most_popular,history=1,test,recall_at_k,20.0,0.0798866507335738,197,0,20260903,20260908T113236,1788847356,1
most_popular,history=1,test,coverage,20.0,0.013539651837524178,197,0,20260903,20260908T113236,1788847356,1
most_popular,history=1,test,mean_popularity,20.0,282.03781725888325,197,0,20260903,20260908T113236,1788847356,1
most_popular,history=1,test,popularity_percentile,20.0,0.9938434583265107,197,0,20260903,20260908T113236,1788847356,1
most_popular,history=1,test,gini,20.0,0.9870766199635408,197,0,20260903,20260908T113236,1788847356,1
content,history=1,test,rmse,,1.4761043432119119,200,5081,20260903,20260908T113236,1788847357,1
content,history=1,test,mae,,1.1376121654282296,200,5081,20260903,20260908T113236,1788847357,1
content,history=1,test,precision_at_k,5.0,0.015228426395939087,197,0,20260903,20260908T113236,1788847357,1
content,history=1,test,recall_at_k,5.0,0.004684081906935558,197,0,20260903,20260908T113236,1788847357,1
content,history=1,test,coverage,5.0,0.30883301096067056,197,0,20260903,20260908T113236,1788847357,1
content,history=1,test,mean_popularity,5.0,45.45177664974619,197,0,20260903,20260908T113236,1788847357,1
content,history=1,test,popularity_percentile,5.0,0.584116587522515,197,0,20260903,20260908T113236,1788847357,1
content,history=1,test,gini,5.0,0.8114299927670702,197,0,20260903,20260908T113236,1788847357,1
content,history=1,test,precision_at_k,10.0,0.014720812182741119,197,0,20260903,20260908T113236,1788847357,1
content,history=1,test,recall_at_k,10.0,0.010445359438510615,197,0,20260903,20260908T113236,1788847357,1
content,history=1,test,coverage,10.0,0.43133462282398455,197,0,20260903,20260908T113236,1788847357,1
content,history=1,test,mean_popularity,10.0,46.39340101522843,197,0,20260903,20260908T113236,1788847357,1
content,history=1,test,popularity_percentile,10.0,0.5898585230063861,197,0,20260903,20260908T113236,1788847357,1
content,history=1,test,gini,10.0,0.7708889303445952,197,0,20260903,20260908T113236,1788847357,1
content,history=1,test,precision_at_k,20.0,0.013197969543147208,197,0,20260903,20260908T113236,1788847357,1
content,history=1,test,recall_at_k,20.0,0.019800376712661737,197,0,20260903,20260908T113236,1788847357,1
content,history=1,test,coverage,20.0,0.5460992907801419,197,0,20260903,20260908T113236,1788847357,1
content,history=1,test,mean_popularity,20.0,43.528426395939086,197,0,20260903,20260908T113236,1788847357,1
content,history=1,test,popularity_percentile,20.0,0.5725338136564597,197,0,20260903,20260908T113236,1788847357,1
content,history=1,test,gini,20.0,0.7308977014992784,197,0,20260903,20260908T113236,1788847357,1
item_knn,history=1,test,rmse,,1.2535511967280573,200,5081,20260903,20260908T113236,1788847359,1
item_knn,history=1,test,mae,,0.9905438388088783,200,5081,20260903,20260908T113236,1788847359,1
item_knn,history=1,test,precision_at_k,5.0,0.02842639593908629,197,0,20260903,20260908T113236,1788847359,1
item_knn,history=1,test,recall_at_k,5.0,0.009659740358205013,197,0,20260903,20260908T113236,1788847359,1
item_knn,history=1,test,coverage,5.0,0.041263700838168924,197,0,20260903,20260908T113236,1788847359,1
item_knn,history=1,test,mean_popularity,5.0,154.25583756345176,197,0,20260903,20260908T113236,1788847359,1
item_knn,history=1,test,popularity_percentile,5.0,0.9284696250204683,197,0,20260903,20260908T113236,1788847359,1
item_knn,history=1,test,gini,5.0,0.9854379195344742,197,0,20260903,20260908T113236,1788847359,1
item_knn,history=1,test,precision_at_k,10.0,0.02690355329949239,197,0,20260903,20260908T113236,1788847359,1
item_knn,history=1,test,recall_at_k,10.0,0.01930280929323054,197,0,20260903,20260908T113236,1788847359,1
item_knn,history=1,test,coverage,10.0,0.07736943907156674,197,0,20260903,20260908T113236,1788847359,1
item_knn,history=1,test,mean_popularity,10.0,146.43248730964467,197,0,20260903,20260908T113236,1788847359,1
item_knn,history=1,test,popularity_percentile,10.0,0.9127476666120844,197,0,20260903,20260908T113236,1788847359,1
item_knn,history=1,test,gini,10.0,0.9747102737058456,197,0,20260903,20260908T113236,1788847359,1
item_knn,history=1,test,precision_at_k,20.0,0.024619289340101522,197,0,20260903,20260908T113236,1788847359,1
item_knn,history=1,test,recall_at_k,20.0,0.03546035380356138,197,0,20260903,20260908T113236,1788847359,1
item_knn,history=1,test,coverage,20.0,0.12572533849129594,197,0,20260903,20260908T113236,1788847359,1
item_knn,history=1,test,mean_popularity,20.0,129.79314720812184,197,0,20260903,20260908T113236,1788847359,1
item_knn,history=1,test,popularity_percentile,20.0,0.889527100049124,197,0,20260903,20260908T113236,1788847359,1
item_knn,history=1,test,gini,20.0,0.9573479693795063,197,0,20260903,20260908T113236,1788847359,1
item_knn_ranking,history=1,test,rmse,,1.0752170726028718,200,5081,20260903,20260908T113236,1788847362,1
item_knn_ranking,history=1,test,mae,,0.8601441483514306,200,5081,20260903,20260908T113236,1788847362,1
item_knn_ranking,history=1,test,precision_at_k,5.0,0.023350253807106598,197,0,20260903,20260908T113236,1788847362,1
item_knn_ranking,history=1,test,recall_at_k,5.0,0.009435596870536706,197,0,20260903,20260908T113236,1788847362,1
item_knn_ranking,history=1,test,coverage,5.0,0.0038684719535783366,197,0,20260903,20260908T113236,1788847362,1
item_knn_ranking,history=1,test,mean_popularity,5.0,134.3532994923858,197,0,20260903,20260908T113236,1788847362,1
item_knn_ranking,history=1,test,popularity_percentile,5.0,0.9264208285573932,197,0,20260903,20260908T113236,1788847362,1
item_knn_ranking,history=1,test,gini,5.0,0.9967723459893241,197,0,20260903,20260908T113236,1788847362,1
item_knn_ranking,history=1,test,precision_at_k,10.0,0.029441624365482238,197,0,20260903,20260908T113236,1788847362,1
item_knn_ranking,history=1,test,recall_at_k,10.0,0.022893033612080907,197,0,20260903,20260908T113236,1788847362,1
item_knn_ranking,history=1,test,coverage,10.0,0.0070921985815602835,197,0,20260903,20260908T113236,1788847362,1
item_knn_ranking,history=1,test,mean_popularity,10.0,170.6553299492386,197,0,20260903,20260908T113236,1788847362,1
item_knn_ranking,history=1,test,popularity_percentile,10.0,0.9470912068118552,197,0,20260903,20260908T113236,1788847362,1
item_knn_ranking,history=1,test,gini,10.0,0.9935414191597365,197,0,20260903,20260908T113236,1788847362,1
item_knn_ranking,history=1,test,precision_at_k,20.0,0.025634517766497462,197,0,20260903,20260908T113236,1788847362,1
item_knn_ranking,history=1,test,recall_at_k,20.0,0.03968718332020724,197,0,20260903,20260908T113236,1788847362,1
item_knn_ranking,history=1,test,coverage,20.0,0.013539651837524178,197,0,20260903,20260908T113236,1788847362,1
item_knn_ranking,history=1,test,mean_popularity,20.0,149.94238578680202,197,0,20260903,20260908T113236,1788847362,1
item_knn_ranking,history=1,test,popularity_percentile,20.0,0.9300135909611921,197,0,20260903,20260908T113236,1788847362,1
item_knn_ranking,history=1,test,gini,20.0,0.9870936386218814,197,0,20260903,20260908T113236,1788847362,1
mf,history=1,test,rmse,,1.0537620760447266,200,5081,20260903,20260908T113236,1788847384,1
mf,history=1,test,mae,,0.84153054409877,200,5081,20260903,20260908T113236,1788847384,1
mf,history=1,test,precision_at_k,5.0,0.01421319796954315,197,0,20260903,20260908T113236,1788847384,1
mf,history=1,test,recall_at_k,5.0,0.005360538278946759,197,0,20260903,20260908T113236,1788847384,1
mf,history=1,test,coverage,5.0,0.016763378465506126,197,0,20260903,20260908T113236,1788847384,1
mf,history=1,test,mean_popularity,5.0,95.58883248730965,197,0,20260903,20260908T113236,1788847384,1
mf,history=1,test,popularity_percentile,5.0,0.7535693466513836,197,0,20260903,20260908T113236,1788847384,1
mf,history=1,test,gini,5.0,0.9946986879268983,197,0,20260903,20260908T113236,1788847384,1
mf,history=1,test,precision_at_k,10.0,0.018781725888324875,197,0,20260903,20260908T113236,1788847384,1
mf,history=1,test,recall_at_k,10.0,0.014924930992632379,197,0,20260903,20260908T113236,1788847384,1
mf,history=1,test,coverage,10.0,0.03417150225660864,197,0,20260903,20260908T113236,1788847384,1
mf,history=1,test,mean_popularity,10.0,102.46446700507614,197,0,20260903,20260908T113236,1788847384,1
mf,history=1,test,popularity_percentile,10.0,0.775439004421156,197,0,20260903,20260908T113236,1788847384,1
mf,history=1,test,gini,10.0,0.9901317964175724,197,0,20260903,20260908T113236,1788847384,1
mf,history=1,test,precision_at_k,20.0,0.019289340101522844,197,0,20260903,20260908T113236,1788847384,1
mf,history=1,test,recall_at_k,20.0,0.030088521140728488,197,0,20260903,20260908T113236,1788847384,1
mf,history=1,test,coverage,20.0,0.0548033526756931,197,0,20260903,20260908T113236,1788847384,1
mf,history=1,test,mean_popularity,20.0,97.39111675126904,197,0,20260903,20260908T113236,1788847384,1
mf,history=1,test,popularity_percentile,20.0,0.7602204028164401,197,0,20260903,20260908T113236,1788847384,1
mf,history=1,test,gini,20.0,0.9807859347334452,197,0,20260903,20260908T113236,1788847384,1
mf_ranking,history=1,test,rmse,,1.0657308113231418,200,5081,20260903,20260908T113236,1788847400,1
mf_ranking,history=1,test,mae,,0.8432634792315999,200,5081,20260903,20260908T113236,1788847400,1
mf_ranking,history=1,test,precision_at_k,5.0,0.02436548223350254,197,0,20260903,20260908T113236,1788847400,1
mf_ranking,history=1,test,recall_at_k,5.0,0.009586428366545868,197,0,20260903,20260908T113236,1788847400,1
mf_ranking,history=1,test,coverage,5.0,0.019342359767891684,197,0,20260903,20260908T113236,1788847400,1
mf_ranking,history=1,test,mean_popularity,5.0,138.96446700507613,197,0,20260903,20260908T113236,1788847400,1
mf_ranking,history=1,test,popularity_percentile,5.0,0.9241106926477812,197,0,20260903,20260908T113236,1788847400,1
mf_ranking,history=1,test,gini,5.0,0.99414885434974,197,0,20260903,20260908T113236,1788847400,1
mf_ranking,history=1,test,precision_at_k,10.0,0.02588832487309645,197,0,20260903,20260908T113236,1788847400,1
mf_ranking,history=1,test,recall_at_k,10.0,0.019996820817387188,197,0,20260903,20260908T113236,1788847400,1
mf_ranking,history=1,test,coverage,10.0,0.030303030303030304,197,0,20260903,20260908T113236,1788847400,1
mf_ranking,history=1,test,mean_popularity,10.0,135.73959390862944,197,0,20260903,20260908T113236,1788847400,1
mf_ranking,history=1,test,popularity_percentile,10.0,0.9135126903553299,197,0,20260903,20260908T113236,1788847400,1
mf_ranking,history=1,test,gini,10.0,0.9886688463640618,197,0,20260903,20260908T113236,1788847400,1
mf_ranking,history=1,test,precision_at_k,20.0,0.02284263959390863,197,0,20260903,20260908T113236,1788847400,1
mf_ranking,history=1,test,recall_at_k,20.0,0.03394861445658317,197,0,20260903,20260908T113236,1788847400,1
mf_ranking,history=1,test,coverage,20.0,0.04319793681495809,197,0,20260903,20260908T113236,1788847400,1
mf_ranking,history=1,test,mean_popularity,20.0,119.98401015228427,197,0,20260903,20260908T113236,1788847400,1
mf_ranking,history=1,test,popularity_percentile,20.0,0.8838503356803667,197,0,20260903,20260908T113236,1788847400,1
mf_ranking,history=1,test,gini,20.0,0.9807152418449535,197,0,20260903,20260908T113236,1788847400,1
global_mean,history=3,test,rmse,,1.2073918423392815,200,5081,20260903,20260908T113236,1788847401,3
global_mean,history=3,test,mae,,0.9965818325940341,200,5081,20260903,20260908T113236,1788847401,3
global_mean,history=3,test,precision_at_k,5.0,0.019289340101522848,197,0,20260903,20260908T113236,1788847401,3
global_mean,history=3,test,recall_at_k,5.0,0.006858401649323616,197,0,20260903,20260908T113236,1788847401,3
global_mean,history=3,test,coverage,5.0,0.004513217279174726,197,0,20260903,20260908T113236,1788847401,3
global_mean,history=3,test,mean_popularity,5.0,104.10964467005076,197,0,20260903,20260908T113236,1788847401,3
global_mean,history=3,test,popularity_percentile,5.0,0.8311439331914198,197,0,20260903,20260908T113236,1788847401,3
global_mean,history=3,test,gini,5.0,0.9967487816931602,197,0,20260903,20260908T113236,1788847401,3
global_mean,history=3,test,precision_at_k,10.0,0.022335025380710662,197,0,20260903,20260908T113236,1788847401,3
global_mean,history=3,test,recall_at_k,10.0,0.02056042989838101,197,0,20260903,20260908T113236,1788847401,3
global_mean,history=3,test,coverage,10.0,0.008381689232753063,197,0,20260903,20260908T113236,1788847401,3
global_mean,history=3,test,mean_popularity,10.0,115.16954314720812,197,0,20260903,20260908T113236,1788847401,3
global_mean,history=3,test,popularity_percentile,10.0,0.8433273292942526,197,0,20260903,20260908T113236,1788847401,3
global_mean,history=3,test,gini,10.0,0.9935244005013959,197,0,20260903,20260908T113236,1788847401,3
global_mean,history=3,test,precision_at_k,20.0,0.0200507614213198,197,0,20260903,20260908T113236,1788847401,3
global_mean,history=3,test,recall_at_k,20.0,0.036847350796105086,197,0,20260903,20260908T113236,1788847401,3
global_mean,history=3,test,coverage,20.0,0.014829142488716958,197,0,20260903,20260908T113236,1788847401,3
global_mean,history=3,test,mean_popularity,20.0,100.76725888324873,197,0,20260903,20260908T113236,1788847401,3
global_mean,history=3,test,popularity_percentile,20.0,0.8181483543474702,197,0,20260903,20260908T113236,1788847401,3
global_mean,history=3,test,gini,20.0,0.9870645105335677,197,0,20260903,20260908T113236,1788847401,3
user_mean,history=3,test,rmse,,1.162626699240029,200,5081,20260903,20260908T113236,1788847401,3
user_mean,history=3,test,mae,,0.9534866203680539,200,5081,20260903,20260908T113236,1788847401,3
user_mean,history=3,test,precision_at_k,5.0,0.019289340101522848,197,0,20260903,20260908T113236,1788847401,3
user_mean,history=3,test,recall_at_k,5.0,0.006858401649323616,197,0,20260903,20260908T113236,1788847401,3
user_mean,history=3,test,coverage,5.0,0.004513217279174726,197,0,20260903,20260908T113236,1788847401,3
user_mean,history=3,test,mean_popularity,5.0,104.10964467005076,197,0,20260903,20260908T113236,1788847401,3
user_mean,history=3,test,popularity_percentile,5.0,0.8311439331914198,197,0,20260903,20260908T113236,1788847401,3
user_mean,history=3,test,gini,5.0,0.9967487816931602,197,0,20260903,20260908T113236,1788847401,3
user_mean,history=3,test,precision_at_k,10.0,0.022335025380710662,197,0,20260903,20260908T113236,1788847401,3
user_mean,history=3,test,recall_at_k,10.0,0.02056042989838101,197,0,20260903,20260908T113236,1788847401,3
user_mean,history=3,test,coverage,10.0,0.008381689232753063,197,0,20260903,20260908T113236,1788847401,3
user_mean,history=3,test,mean_popularity,10.0,115.16954314720812,197,0,20260903,20260908T113236,1788847401,3
user_mean,history=3,test,popularity_percentile,10.0,0.8433273292942526,197,0,20260903,20260908T113236,1788847401,3
user_mean,history=3,test,gini,10.0,0.9935244005013959,197,0,20260903,20260908T113236,1788847401,3
user_mean,history=3,test,precision_at_k,20.0,0.0200507614213198,197,0,20260903,20260908T113236,1788847401,3
user_mean,history=3,test,recall_at_k,20.0,0.036847350796105086,197,0,20260903,20260908T113236,1788847401,3
user_mean,history=3,test,coverage,20.0,0.014829142488716958,197,0,20260903,20260908T113236,1788847401,3
user_mean,history=3,test,mean_popularity,20.0,100.76725888324873,197,0,20260903,20260908T113236,1788847401,3
user_mean,history=3,test,popularity_percentile,20.0,0.8181483543474702,197,0,20260903,20260908T113236,1788847401,3
user_mean,history=3,test,gini,20.0,0.9870645105335677,197,0,20260903,20260908T113236,1788847401,3
item_mean,history=3,test,rmse,,1.0750264619018257,200,5081,20260903,20260908T113236,1788847401,3
item_mean,history=3,test,mae,,0.8600303026323532,200,5081,20260903,20260908T113236,1788847401,3
item_mean,history=3,test,precision_at_k,5.0,0.023350253807106598,197,0,20260903,20260908T113236,1788847401,3
item_mean,history=3,test,recall_at_k,5.0,0.009435596870536706,197,0,20260903,20260908T113236,1788847401,3
item_mean,history=3,test,coverage,5.0,0.004513217279174726,197,0,20260903,20260908T113236,1788847401,3
item_mean,history=3,test,mean_popularity,5.0,134.96954314720813,197,0,20260903,20260908T113236,1788847401,3
item_mean,history=3,test,popularity_percentile,5.0,0.9249955788439496,197,0,20260903,20260908T113236,1788847401,3
item_mean,history=3,test,gini,5.0,0.9967644912239361,197,0,20260903,20260908T113236,1788847401,3
item_mean,history=3,test,precision_at_k,10.0,0.029441624365482238,197,0,20260903,20260908T113236,1788847401,3
item_mean,history=3,test,recall_at_k,10.0,0.022893033612080907,197,0,20260903,20260908T113236,1788847401,3
item_mean,history=3,test,coverage,10.0,0.007736943907156673,197,0,20260903,20260908T113236,1788847401,3
item_mean,history=3,test,mean_popularity,10.0,171.16954314720812,197,0,20260903,20260908T113236,1788847401,3
item_mean,history=3,test,popularity_percentile,10.0,0.9460566562960537,197,0,20260903,20260908T113236,1788847401,3
item_mean,history=3,test,gini,10.0,0.9935204731187018,197,0,20260903,20260908T113236,1788847401,3
item_mean,history=3,test,precision_at_k,20.0,0.0266497461928934,197,0,20260903,20260908T113236,1788847401,3
item_mean,history=3,test,recall_at_k,20.0,0.0403596340654409,197,0,20260903,20260908T113236,1788847401,3
item_mean,history=3,test,coverage,20.0,0.014184397163120567,197,0,20260903,20260908T113236,1788847401,3
item_mean,history=3,test,mean_popularity,20.0,151.04162436548222,197,0,20260903,20260908T113236,1788847401,3
item_mean,history=3,test,popularity_percentile,20.0,0.9300609137055836,197,0,20260903,20260908T113236,1788847401,3
item_mean,history=3,test,gini,20.0,0.9870635286878942,197,0,20260903,20260908T113236,1788847401,3
most_popular,history=3,test,rmse,,1.2073918423392815,200,5081,20260903,20260908T113236,1788847401,3
most_popular,history=3,test,mae,,0.9965818325940341,200,5081,20260903,20260908T113236,1788847401,3
most_popular,history=3,test,precision_at_k,5.0,0.04974619289340102,197,0,20260903,20260908T113236,1788847401,3
most_popular,history=3,test,recall_at_k,5.0,0.020713974189838905,197,0,20260903,20260908T113236,1788847401,3
most_popular,history=3,test,coverage,5.0,0.0038684719535783366,197,0,20260903,20260908T113236,1788847401,3
most_popular,history=3,test,mean_popularity,5.0,353.91573604060915,197,0,20260903,20260908T113236,1788847401,3
most_popular,history=3,test,popularity_percentile,5.0,0.9986978876698871,197,0,20260903,20260908T113236,1788847401,3
most_popular,history=3,test,gini,5.0,0.9967553273309835,197,0,20260903,20260908T113236,1788847401,3
most_popular,history=3,test,precision_at_k,10.0,0.04111675126903554,197,0,20260903,20260908T113236,1788847401,3
most_popular,history=3,test,recall_at_k,10.0,0.03496930891609813,197,0,20260903,20260908T113236,1788847401,3
most_popular,history=3,test,coverage,10.0,0.007736943907156673,197,0,20260903,20260908T113236,1788847401,3
most_popular,history=3,test,mean_popularity,10.0,331.6218274111675,197,0,20260903,20260908T113236,1788847401,3
most_popular,history=3,test,popularity_percentile,10.0,0.9970650073685935,197,0,20260903,20260908T113236,1788847401,3
most_popular,history=3,test,gini,10.0,0.9935100000981846,197,0,20260903,20260908T113236,1788847401,3
most_popular,history=3,test,precision_at_k,20.0,0.042639593908629446,197,0,20260903,20260908T113236,1788847401,3
most_popular,history=3,test,recall_at_k,20.0,0.0798866507335738,197,0,20260903,20260908T113236,1788847401,3
most_popular,history=3,test,coverage,20.0,0.014829142488716958,197,0,20260903,20260908T113236,1788847401,3
most_popular,history=3,test,mean_popularity,20.0,282.7873096446701,197,0,20260903,20260908T113236,1788847401,3
most_popular,history=3,test,popularity_percentile,20.0,0.9937992467660061,197,0,20260903,20260908T113236,1788847401,3
most_popular,history=3,test,gini,20.0,0.9870209820420426,197,0,20260903,20260908T113236,1788847401,3
content,history=3,test,rmse,,1.23509869048609,200,5081,20260903,20260908T113236,1788847402,3
content,history=3,test,mae,,0.9778346718376337,200,5081,20260903,20260908T113236,1788847402,3
content,history=3,test,precision_at_k,5.0,0.02030456852791878,197,0,20260903,20260908T113236,1788847402,3
content,history=3,test,recall_at_k,5.0,0.005887208056844089,197,0,20260903,20260908T113236,1788847402,3
content,history=3,test,coverage,5.0,0.29916183107672467,197,0,20260903,20260908T113236,1788847402,3
content,history=3,test,mean_popularity,5.0,47.56040609137056,197,0,20260903,20260908T113236,1788847402,3
content,history=3,test,popularity_percentile,5.0,0.599913541837236,197,0,20260903,20260908T113236,1788847402,3
content,history=3,test,gini,5.0,0.8110555822835767,197,0,20260903,20260908T113236,1788847402,3
content,history=3,test,precision_at_k,10.0,0.017258883248730966,197,0,20260903,20260908T113236,1788847402,3
content,history=3,test,recall_at_k,10.0,0.012022651783546083,197,0,20260903,20260908T113236,1788847402,3
content,history=3,test,coverage,10.0,0.4203739522888459,197,0,20260903,20260908T113236,1788847402,3
content,history=3,test,mean_popularity,10.0,48.381218274111674,197,0,20260903,20260908T113236,1788847402,3
content,history=3,test,popularity_percentile,10.0,0.5988947109873914,197,0,20260903,20260908T113236,1788847402,3
content,history=3,test,gini,10.0,0.7661335244659577,197,0,20260903,20260908T113236,1788847402,3
content,history=3,test,precision_at_k,20.0,0.01700507614213198,197,0,20260903,20260908T113236,1788847402,3
content,history=3,test,recall_at_k,20.0,0.031613347119243705,197,0,20260903,20260908T113236,1788847402,3
content,history=3,test,coverage,20.0,0.5519019987105094,197,0,20260903,20260908T113236,1788847402,3
content,history=3,test,mean_popularity,20.0,46.4248730964467,197,0,20260903,20260908T113236,1788847402,3
content,history=3,test,popularity_percentile,20.0,0.5818902898313412,197,0,20260903,20260908T113236,1788847402,3
content,history=3,test,gini,20.0,0.711933352315683,197,0,20260903,20260908T113236,1788847402,3
item_knn,history=3,test,rmse,,1.2078715622238017,200,5081,20260903,20260908T113236,1788847404,3
item_knn,history=3,test,mae,,0.9510258318693191,200,5081,20260903,20260908T113236,1788847404,3
item_knn,history=3,test,precision_at_k,5.0,0.021319796954314723,197,0,20260903,20260908T113236,1788847404,3
item_knn,history=3,test,recall_at_k,5.0,0.00877401675413969,197,0,20260903,20260908T113236,1788847404,3
item_knn,history=3,test,coverage,5.0,0.10444874274661509,197,0,20260903,20260908T113236,1788847404,3
item_knn,history=3,test,mean_popularity,5.0,125.59086294416244,197,0,20260903,20260908T113236,1788847404,3
item_knn,history=3,test,popularity_percentile,5.0,0.8722528246274768,197,0,20260903,20260908T113236,1788847404,3
item_knn,history=3,test,gini,5.0,0.9567955175472186,197,0,20260903,20260908T113236,1788847404,3
item_knn,history=3,test,precision_at_k,10.0,0.020812182741116753,197,0,20260903,20260908T113236,1788847404,3
item_knn,history=3,test,recall_at_k,10.0,0.017027668910036823,197,0,20260903,20260908T113236,1788847404,3
item_knn,history=3,test,coverage,10.0,0.16827852998065765,197,0,20260903,20260908T113236,1788847404,3
item_knn,history=3,test,mean_popularity,10.0,114.5228426395939,197,0,20260903,20260908T113236,1788847404,3
item_knn,history=3,test,popularity_percentile,10.0,0.844759783854593,197,0,20260903,20260908T113236,1788847404,3
item_knn,history=3,test,gini,10.0,0.9335408300523323,197,0,20260903,20260908T113236,1788847404,3
item_knn,history=3,test,precision_at_k,20.0,0.017005076142131977,197,0,20260903,20260908T113236,1788847404,3
item_knn,history=3,test,recall_at_k,20.0,0.024293537410775848,197,0,20260903,20260908T113236,1788847404,3
item_knn,history=3,test,coverage,20.0,0.2695035460992908,197,0,20260903,20260908T113236,1788847404,3
item_knn,history=3,test,mean_popularity,20.0,100.93781725888324,197,0,20260903,20260908T113236,1788847404,3
item_knn,history=3,test,popularity_percentile,20.0,0.8091383658097265,197,0,20260903,20260908T113236,1788847404,3
item_knn,history=3,test,gini,20.0,0.8962398583523975,197,0,20260903,20260908T113236,1788847404,3
item_knn_ranking,history=3,test,rmse,,1.180119666688438,200,5081,20260903,20260908T113236,1788847407,3
item_knn_ranking,history=3,test,mae,,0.9332126140077305,200,5081,20260903,20260908T113236,1788847407,3
item_knn_ranking,history=3,test,precision_at_k,5.0,0.021319796954314723,197,0,20260903,20260908T113236,1788847407,3
item_knn_ranking,history=3,test,recall_at_k,5.0,0.010066839921981284,197,0,20260903,20260908T113236,1788847407,3
item_knn_ranking,history=3,test,coverage,5.0,0.09800128949065119,197,0,20260903,20260908T113236,1788847407,3
item_knn_ranking,history=3,test,mean_popularity,5.0,130.08020304568527,197,0,20260903,20260908T113236,1788847407,3
item_knn_ranking,history=3,test,popularity_percentile,5.0,0.8892189290977567,197,0,20260903,20260908T113236,1788847407,3
item_knn_ranking,history=3,test,gini,5.0,0.9646201730012076,197,0,20260903,20260908T113236,1788847407,3
item_knn_ranking,history=3,test,precision_at_k,10.0,0.027411167512690356,197,0,20260903,20260908T113236,1788847407,3
item_knn_ranking,history=3,test,recall_at_k,10.0,0.021899477997783898,197,0,20260903,20260908T113236,1788847407,3
item_knn_ranking,history=3,test,coverage,10.0,0.15860735009671179,197,0,20260903,20260908T113236,1788847407,3
item_knn_ranking,history=3,test,mean_popularity,10.0,128.33553299492385,197,0,20260903,20260908T113236,1788847407,3
item_knn_ranking,history=3,test,popularity_percentile,10.0,0.8748242999836254,197,0,20260903,20260908T113236,1788847407,3
item_knn_ranking,history=3,test,gini,10.0,0.9452385394063761,197,0,20260903,20260908T113236,1788847407,3
item_knn_ranking,history=3,test,precision_at_k,20.0,0.024619289340101526,197,0,20260903,20260908T113236,1788847407,3
item_knn_ranking,history=3,test,recall_at_k,20.0,0.03702564580596908,197,0,20260903,20260908T113236,1788847407,3
item_knn_ranking,history=3,test,coverage,20.0,0.2366215344938749,197,0,20260903,20260908T113236,1788847407,3
item_knn_ranking,history=3,test,mean_popularity,20.0,115.5522842639594,197,0,20260903,20260908T113236,1788847407,3
item_knn_ranking,history=3,test,popularity_percentile,20.0,0.8536806942852463,197,0,20260903,20260908T113236,1788847407,3
item_knn_ranking,history=3,test,gini,20.0,0.9165895917812972,197,0,20260903,20260908T113236,1788847407,3
mf,history=3,test,rmse,,1.0423838719514678,200,5081,20260903,20260908T113236,1788847430,3
mf,history=3,test,mae,,0.8342336805008932,200,5081,20260903,20260908T113236,1788847430,3
mf,history=3,test,precision_at_k,5.0,0.02030456852791878,197,0,20260903,20260908T113236,1788847430,3
mf,history=3,test,recall_at_k,5.0,0.008355011333512378,197,0,20260903,20260908T113236,1788847430,3
mf,history=3,test,coverage,5.0,0.025145067698259187,197,0,20260903,20260908T113236,1788847430,3
mf,history=3,test,mean_popularity,5.0,101.8010152284264,197,0,20260903,20260908T113236,1788847430,3
mf,history=3,test,popularity_percentile,5.0,0.7552369412149993,197,0,20260903,20260908T113236,1788847430,3
mf,history=3,test,gini,5.0,0.9933005396878385,197,0,20260903,20260908T113236,1788847430,3
mf,history=3,test,precision_at_k,10.0,0.019289340101522848,197,0,20260903,20260908T113236,1788847430,3
mf,history=3,test,recall_at_k,10.0,0.015220221219360789,197,0,20260903,20260908T113236,1788847430,3
mf,history=3,test,coverage,10.0,0.04513217279174726,197,0,20260903,20260908T113236,1788847430,3
mf,history=3,test,mean_popularity,10.0,104.02994923857868,197,0,20260903,20260908T113236,1788847430,3
mf,history=3,test,popularity_percentile,10.0,0.7693345341411495,197,0,20260903,20260908T113236,1788847430,3
mf,history=3,test,gini,10.0,0.9884678952828861,197,0,20260903,20260908T113236,1788847430,3
mf,history=3,test,precision_at_k,20.0,0.0200507614213198,197,0,20260903,20260908T113236,1788847430,3
mf,history=3,test,recall_at_k,20.0,0.03044444363537129,197,0,20260903,20260908T113236,1788847430,3
mf,history=3,test,coverage,20.0,0.0670535138620245,197,0,20260903,20260908T113236,1788847430,3
mf,history=3,test,mean_popularity,20.0,97.6756345177665,197,0,20260903,20260908T113236,1788847430,3
mf,history=3,test,popularity_percentile,20.0,0.75427967905682,197,0,20260903,20260908T113236,1788847430,3
mf,history=3,test,gini,20.0,0.9793753497825212,197,0,20260903,20260908T113236,1788847430,3
mf_ranking,history=3,test,rmse,,1.0410034837806987,200,5081,20260903,20260908T113236,1788847448,3
mf_ranking,history=3,test,mae,,0.8262803694790601,200,5081,20260903,20260908T113236,1788847448,3
mf_ranking,history=3,test,precision_at_k,5.0,0.027411167512690356,197,0,20260903,20260908T113236,1788847448,3
mf_ranking,history=3,test,recall_at_k,5.0,0.010670632779316546,197,0,20260903,20260908T113236,1788847448,3
mf_ranking,history=3,test,coverage,5.0,0.02192134107027724,197,0,20260903,20260908T113236,1788847448,3
mf_ranking,history=3,test,mean_popularity,5.0,144.69340101522843,197,0,20260903,20260908T113236,1788847448,3
mf_ranking,history=3,test,popularity_percentile,5.0,0.9254095300474866,197,0,20260903,20260908T113236,1788847448,3
mf_ranking,history=3,test,gini,5.0,0.9932507928403813,197,0,20260903,20260908T113236,1788847448,3
mf_ranking,history=3,test,precision_at_k,10.0,0.027411167512690356,197,0,20260903,20260908T113236,1788847448,3
mf_ranking,history=3,test,recall_at_k,10.0,0.02088433562159116,197,0,20260903,20260908T113236,1788847448,3
mf_ranking,history=3,test,coverage,10.0,0.03546099290780142,197,0,20260903,20260908T113236,1788847448,3
mf_ranking,history=3,test,mean_popularity,10.0,137.0705583756345,197,0,20260903,20260908T113236,1788847448,3
mf_ranking,history=3,test,popularity_percentile,10.0,0.9097615850663173,197,0,20260903,20260908T113236,1788847448,3
mf_ranking,history=3,test,gini,10.0,0.9874592124943135,197,0,20260903,20260908T113236,1788847448,3
mf_ranking,history=3,test,precision_at_k,20.0,0.023096446700507617,197,0,20260903,20260908T113236,1788847448,3
mf_ranking,history=3,test,recall_at_k,20.0,0.03594250325250243,197,0,20260903,20260908T113236,1788847448,3
mf_ranking,history=3,test,coverage,20.0,0.04577691811734365,197,0,20260903,20260908T113236,1788847448,3
mf_ranking,history=3,test,mean_popularity,20.0,120.74568527918781,197,0,20260903,20260908T113236,1788847448,3
mf_ranking,history=3,test,popularity_percentile,20.0,0.876989028983134,197,0,20260903,20260908T113236,1788847448,3
mf_ranking,history=3,test,gini,20.0,0.9795540456950976,197,0,20260903,20260908T113236,1788847448,3
global_mean,history=5,test,rmse,,1.2074929510814771,200,5081,20260903,20260908T113236,1788847449,5
global_mean,history=5,test,mae,,0.996601555117142,200,5081,20260903,20260908T113236,1788847449,5
global_mean,history=5,test,precision_at_k,5.0,0.019289340101522848,197,0,20260903,20260908T113236,1788847449,5
global_mean,history=5,test,recall_at_k,5.0,0.006858401649323616,197,0,20260903,20260908T113236,1788847449,5
global_mean,history=5,test,coverage,5.0,0.004513217279174726,197,0,20260903,20260908T113236,1788847449,5
global_mean,history=5,test,mean_popularity,5.0,104.5766497461929,197,0,20260903,20260908T113236,1788847449,5
global_mean,history=5,test,popularity_percentile,5.0,0.8315323399377763,197,0,20260903,20260908T113236,1788847449,5
global_mean,history=5,test,gini,5.0,0.9967356904175135,197,0,20260903,20260908T113236,1788847449,5
global_mean,history=5,test,precision_at_k,10.0,0.022335025380710662,197,0,20260903,20260908T113236,1788847449,5
global_mean,history=5,test,recall_at_k,10.0,0.02056042989838101,197,0,20260903,20260908T113236,1788847449,5
global_mean,history=5,test,coverage,10.0,0.008381689232753063,197,0,20260903,20260908T113236,1788847449,5
global_mean,history=5,test,mean_popularity,10.0,115.77106598984771,197,0,20260903,20260908T113236,1788847449,5
global_mean,history=5,test,popularity_percentile,10.0,0.8437285082691992,197,0,20260903,20260908T113236,1788847449,5
global_mean,history=5,test,gini,10.0,0.9935067272792729,197,0,20260903,20260908T113236,1788847449,5
global_mean,history=5,test,precision_at_k,20.0,0.0200507614213198,197,0,20260903,20260908T113236,1788847449,5
global_mean,history=5,test,recall_at_k,20.0,0.036847350796105086,197,0,20260903,20260908T113236,1788847449,5
global_mean,history=5,test,coverage,20.0,0.014829142488716958,197,0,20260903,20260908T113236,1788847449,5
global_mean,history=5,test,mean_popularity,20.0,101.12918781725888,197,0,20260903,20260908T113236,1788847449,5
global_mean,history=5,test,popularity_percentile,20.0,0.8176613721958407,197,0,20260903,20260908T113236,1788847449,5
global_mean,history=5,test,gini,20.0,0.9870360370090363,197,0,20260903,20260908T113236,1788847449,5
user_mean,history=5,test,rmse,,1.1556857435622276,200,5081,20260903,20260908T113236,1788847449,5
user_mean,history=5,test,mae,,0.9429850207432172,200,5081,20260903,20260908T113236,1788847449,5
user_mean,history=5,test,precision_at_k,5.0,0.019289340101522848,197,0,20260903,20260908T113236,1788847449,5
user_mean,history=5,test,recall_at_k,5.0,0.006858401649323616,197,0,20260903,20260908T113236,1788847449,5
user_mean,history=5,test,coverage,5.0,0.004513217279174726,197,0,20260903,20260908T113236,1788847449,5
user_mean,history=5,test,mean_popularity,5.0,104.5766497461929,197,0,20260903,20260908T113236,1788847449,5
user_mean,history=5,test,popularity_percentile,5.0,0.8315323399377763,197,0,20260903,20260908T113236,1788847449,5
user_mean,history=5,test,gini,5.0,0.9967356904175135,197,0,20260903,20260908T113236,1788847449,5
user_mean,history=5,test,precision_at_k,10.0,0.022335025380710662,197,0,20260903,20260908T113236,1788847449,5
user_mean,history=5,test,recall_at_k,10.0,0.02056042989838101,197,0,20260903,20260908T113236,1788847449,5
user_mean,history=5,test,coverage,10.0,0.008381689232753063,197,0,20260903,20260908T113236,1788847449,5
user_mean,history=5,test,mean_popularity,10.0,115.77106598984771,197,0,20260903,20260908T113236,1788847449,5
user_mean,history=5,test,popularity_percentile,10.0,0.8437285082691992,197,0,20260903,20260908T113236,1788847449,5
user_mean,history=5,test,gini,10.0,0.9935067272792729,197,0,20260903,20260908T113236,1788847449,5
user_mean,history=5,test,precision_at_k,20.0,0.0200507614213198,197,0,20260903,20260908T113236,1788847449,5
user_mean,history=5,test,recall_at_k,20.0,0.036847350796105086,197,0,20260903,20260908T113236,1788847449,5
user_mean,history=5,test,coverage,20.0,0.014829142488716958,197,0,20260903,20260908T113236,1788847449,5
user_mean,history=5,test,mean_popularity,20.0,101.12918781725888,197,0,20260903,20260908T113236,1788847449,5
user_mean,history=5,test,popularity_percentile,20.0,0.8176613721958407,197,0,20260903,20260908T113236,1788847449,5
user_mean,history=5,test,gini,20.0,0.9870360370090363,197,0,20260903,20260908T113236,1788847449,5
item_mean,history=5,test,rmse,,1.075003834021776,200,5081,20260903,20260908T113236,1788847449,5
item_mean,history=5,test,mae,,0.8597190364212314,200,5081,20260903,20260908T113236,1788847449,5
item_mean,history=5,test,precision_at_k,5.0,0.023350253807106598,197,0,20260903,20260908T113236,1788847449,5
item_mean,history=5,test,recall_at_k,5.0,0.009435596870536706,197,0,20260903,20260908T113236,1788847449,5
item_mean,history=5,test,coverage,5.0,0.004513217279174726,197,0,20260903,20260908T113236,1788847449,5
item_mean,history=5,test,mean_popularity,5.0,135.71065989847716,197,0,20260903,20260908T113236,1788847449,5
item_mean,history=5,test,popularity_percentile,5.0,0.9245678729327003,197,0,20260903,20260908T113236,1788847449,5
item_mean,history=5,test,gini,5.0,0.9967540182034188,197,0,20260903,20260908T113236,1788847449,5
item_mean,history=5,test,precision_at_k,10.0,0.029441624365482238,197,0,20260903,20260908T113236,1788847449,5
item_mean,history=5,test,recall_at_k,10.0,0.022893033612080907,197,0,20260903,20260908T113236,1788847449,5
item_mean,history=5,test,coverage,10.0,0.007736943907156673,197,0,20260903,20260908T113236,1788847449,5
item_mean,history=5,test,mean_popularity,10.0,170.72233502538072,197,0,20260903,20260908T113236,1788847449,5
item_mean,history=5,test,popularity_percentile,10.0,0.9442786965776977,197,0,20260903,20260908T113236,1788847449,5
item_mean,history=5,test,gini,10.0,0.9934969088225379,197,0,20260903,20260908T113236,1788847449,5
item_mean,history=5,test,precision_at_k,20.0,0.026395939086294413,197,0,20260903,20260908T113236,1788847449,5
item_mean,history=5,test,recall_at_k,20.0,0.0401595169236994,197,0,20260903,20260908T113236,1788847449,5
item_mean,history=5,test,coverage,20.0,0.014829142488716958,197,0,20260903,20260908T113236,1788847449,5
item_mean,history=5,test,mean_popularity,20.0,151.45583756345178,197,0,20260903,20260908T113236,1788847449,5
item_mean,history=5,test,popularity_percentile,20.0,0.9293433764532504,197,0,20260903,20260908T113236,1788847449,5
item_mean,history=5,test,gini,20.0,0.9870324369082334,197,0,20260903,20260908T113236,1788847449,5
most_popular,history=5,test,rmse,,1.2074929510814771,200,5081,20260903,20260908T113236,1788847449,5
most_popular,history=5,test,mae,,0.996601555117142,200,5081,20260903,20260908T113236,1788847449,5
most_popular,history=5,test,precision_at_k,5.0,0.04974619289340102,197,0,20260903,20260908T113236,1788847449,5
most_popular,history=5,test,recall_at_k,5.0,0.020713974189838905,197,0,20260903,20260908T113236,1788847449,5
most_popular,history=5,test,coverage,5.0,0.004513217279174726,197,0,20260903,20260908T113236,1788847449,5
most_popular,history=5,test,mean_popularity,5.0,355.61421319796955,197,0,20260903,20260908T113236,1788847449,5
most_popular,history=5,test,popularity_percentile,5.0,0.99855510070411,197,0,20260903,20260908T113236,1788847449,5
most_popular,history=5,test,gini,5.0,0.9967278356521255,197,0,20260903,20260908T113236,1788847449,5
most_popular,history=5,test,precision_at_k,10.0,0.04111675126903554,197,0,20260903,20260908T113236,1788847449,5
most_popular,history=5,test,recall_at_k,10.0,0.03496930891609813,197,0,20260903,20260908T113236,1788847449,5
most_popular,history=5,test,coverage,10.0,0.007736943907156673,197,0,20260903,20260908T113236,1788847449,5
most_popular,history=5,test,mean_popularity,10.0,332.3548223350254,197,0,20260903,20260908T113236,1788847449,5
most_popular,history=5,test,popularity_percentile,10.0,0.9970293106271491,197,0,20260903,20260908T113236,1788847449,5
most_popular,history=5,test,gini,10.0,0.9934779264728504,197,0,20260903,20260908T113236,1788847449,5
most_popular,history=5,test,precision_at_k,20.0,0.042639593908629446,197,0,20260903,20260908T113236,1788847449,5
most_popular,history=5,test,recall_at_k,20.0,0.0798866507335738,197,0,20260903,20260908T113236,1788847449,5
most_popular,history=5,test,coverage,20.0,0.014829142488716958,197,0,20260903,20260908T113236,1788847449,5
most_popular,history=5,test,mean_popularity,20.0,283.7215736040609,197,0,20260903,20260908T113236,1788847449,5
most_popular,history=5,test,popularity_percentile,20.0,0.9937409530047485,197,0,20260903,20260908T113236,1788847449,5
most_popular,history=5,test,gini,20.0,0.9869457072070745,197,0,20260903,20260908T113236,1788847449,5
content,history=5,test,rmse,,1.2095551024370106,200,5081,20260903,20260908T113236,1788847450,5
content,history=5,test,mae,,0.9561081732698331,200,5081,20260903,20260908T113236,1788847450,5
content,history=5,test,precision_at_k,5.0,0.023350253807106598,197,0,20260903,20260908T113236,1788847450,5
content,history=5,test,recall_at_k,5.0,0.005591876092912683,197,0,20260903,20260908T113236,1788847450,5
content,history=5,test,coverage,5.0,0.2927143778207608,197,0,20260903,20260908T113236,1788847450,5
content,history=5,test,mean_popularity,5.0,47.448730964467,197,0,20260903,20260908T113236,1788847450,5
content,history=5,test,popularity_percentile,5.0,0.5885999672506959,197,0,20260903,20260908T113236,1788847450,5
content,history=5,test,gini,5.0,0.8165316628865609,197,0,20260903,20260908T113236,1788847450,5
content,history=5,test,precision_at_k,10.0,0.02030456852791878,197,0,20260903,20260908T113236,1788847450,5
content,history=5,test,recall_at_k,10.0,0.01266504589995992,197,0,20260903,20260908T113236,1788847450,5
content,history=5,test,coverage,10.0,0.4190844616376531,197,0,20260903,20260908T113236,1788847450,5
content,history=5,test,mean_popularity,10.0,47.46700507614213,197,0,20260903,20260908T113236,1788847450,5
content,history=5,test,popularity_percentile,10.0,0.5888963484525953,197,0,20260903,20260908T113236,1788847450,5
content,history=5,test,gini,10.0,0.7639911372063872,197,0,20260903,20260908T113236,1788847450,5
content,history=5,test,precision_at_k,20.0,0.01598984771573604,197,0,20260903,20260908T113236,1788847450,5
content,history=5,test,recall_at_k,20.0,0.024407229510063747,197,0,20260903,20260908T113236,1788847450,5
content,history=5,test,coverage,20.0,0.5428755641521599,197,0,20260903,20260908T113236,1788847450,5
content,history=5,test,mean_popularity,20.0,45.959644670050764,197,0,20260903,20260908T113236,1788847450,5
content,history=5,test,popularity_percentile,20.0,0.5766536761093827,197,0,20260903,20260908T113236,1788847450,5
content,history=5,test,gini,20.0,0.728326902244172,197,0,20260903,20260908T113236,1788847450,5
item_knn,history=5,test,rmse,,1.1686319653288761,200,5081,20260903,20260908T113236,1788847452,5
item_knn,history=5,test,mae,,0.9176932746284827,200,5081,20260903,20260908T113236,1788847452,5
item_knn,history=5,test,precision_at_k,5.0,0.016243654822335026,197,0,20260903,20260908T113236,1788847452,5
item_knn,history=5,test,recall_at_k,5.0,0.006341492087412326,197,0,20260903,20260908T113236,1788847452,5
item_knn,history=5,test,coverage,5.0,0.14377820760799484,197,0,20260903,20260908T113236,1788847452,5
item_knn,history=5,test,mean_popularity,5.0,111.13197969543147,197,0,20260903,20260908T113236,1788847452,5
item_knn,history=5,test,popularity_percentile,5.0,0.8183415752415261,197,0,20260903,20260908T113236,1788847452,5
item_knn,history=5,test,gini,5.0,0.9379362258506875,197,0,20260903,20260908T113236,1788847452,5
item_knn,history=5,test,precision_at_k,10.0,0.017258883248730966,197,0,20260903,20260908T113236,1788847452,5
item_knn,history=5,test,recall_at_k,10.0,0.013232983089046184,197,0,20260903,20260908T113236,1788847452,5
item_knn,history=5,test,coverage,10.0,0.23726627981947132,197,0,20260903,20260908T113236,1788847452,5
item_knn,history=5,test,mean_popularity,10.0,100.27664974619289,197,0,20260903,20260908T113236,1788847452,5
item_knn,history=5,test,popularity_percentile,10.0,0.7877311282135254,197,0,20260903,20260908T113236,1788847452,5
item_knn,history=5,test,gini,10.0,0.9060668244165382,197,0,20260903,20260908T113236,1788847452,5
item_knn,history=5,test,precision_at_k,20.0,0.018781725888324875,197,0,20260903,20260908T113236,1788847452,5
item_knn,history=5,test,recall_at_k,20.0,0.02718996079765282,197,0,20260903,20260908T113236,1788847452,5
item_knn,history=5,test,coverage,20.0,0.37072856221792394,197,0,20260903,20260908T113236,1788847452,5
item_knn,history=5,test,mean_popularity,20.0,90.78451776649746,197,0,20260903,20260908T113236,1788847452,5
item_knn,history=5,test,popularity_percentile,20.0,0.7545403635172753,197,0,20260903,20260908T113236,1788847452,5
item_knn,history=5,test,gini,20.0,0.8633974478558127,197,0,20260903,20260908T113236,1788847452,5
item_knn_ranking,history=5,test,rmse,,1.1803133939230472,200,5081,20260903,20260908T113236,1788847455,5
item_knn_ranking,history=5,test,mae,,0.9372634087741808,200,5081,20260903,20260908T113236,1788847455,5
item_knn_ranking,history=5,test,precision_at_k,5.0,0.027411167512690356,197,0,20260903,20260908T113236,1788847455,5
item_knn_ranking,history=5,test,recall_at_k,5.0,0.011171534133425427,197,0,20260903,20260908T113236,1788847455,5
item_knn_ranking,history=5,test,coverage,5.0,0.13862024500322373,197,0,20260903,20260908T113236,1788847455,5
item_knn_ranking,history=5,test,mean_popularity,5.0,125.26192893401016,197,0,20260903,20260908T113236,1788847455,5
item_knn_ranking,history=5,test,popularity_percentile,5.0,0.861402980186671,197,0,20260903,20260908T113236,1788847455,5
item_knn_ranking,history=5,test,gini,5.0,0.9476198424464976,197,0,20260903,20260908T113236,1788847455,5
item_knn_ranking,history=5,test,precision_at_k,10.0,0.02588832487309645,197,0,20260903,20260908T113236,1788847455,5
item_knn_ranking,history=5,test,recall_at_k,10.0,0.020345706163001322,197,0,20260903,20260908T113236,1788847455,5
item_knn_ranking,history=5,test,coverage,10.0,0.22179239200515796,197,0,20260903,20260908T113236,1788847455,5
item_knn_ranking,history=5,test,mean_popularity,10.0,122.01015228426395,197,0,20260903,20260908T113236,1788847455,5
item_knn_ranking,history=5,test,popularity_percentile,10.0,0.8503248730964467,197,0,20260903,20260908T113236,1788847455,5
item_knn_ranking,history=5,test,gini,10.0,0.9208972760328198,197,0,20260903,20260908T113236,1788847455,5
item_knn_ranking,history=5,test,precision_at_k,20.0,0.023096446700507617,197,0,20260903,20260908T113236,1788847455,5
item_knn_ranking,history=5,test,recall_at_k,20.0,0.03414899106918831,197,0,20260903,20260908T113236,1788847455,5
item_knn_ranking,history=5,test,coverage,20.0,0.33268858800773693,197,0,20260903,20260908T113236,1788847455,5
item_knn_ranking,history=5,test,mean_popularity,20.0,107.88197969543147,197,0,20260903,20260908T113236,1788847455,5
item_knn_ranking,history=5,test,popularity_percentile,20.0,0.8210715572294087,197,0,20260903,20260908T113236,1788847455,5
item_knn_ranking,history=5,test,gini,20.0,0.8850216169689115,197,0,20260903,20260908T113236,1788847455,5
mf,history=5,test,rmse,,1.0476837677119273,200,5081,20260903,20260908T113236,1788847480,5
mf,history=5,test,mae,,0.8319531326014074,200,5081,20260903,20260908T113236,1788847480,5
mf,history=5,test,precision_at_k,5.0,0.02030456852791878,197,0,20260903,20260908T113236,1788847480,5
mf,history=5,test,recall_at_k,5.0,0.008331876021858106,197,0,20260903,20260908T113236,1788847480,5
mf,history=5,test,coverage,5.0,0.03352675693101225,197,0,20260903,20260908T113236,1788847480,5
mf,history=5,test,mean_popularity,5.0,95.74010152284264,197,0,20260903,20260908T113236,1788847480,5
mf,history=5,test,popularity_percentile,5.0,0.7145904699525136,197,0,20260903,20260908T113236,1788847480,5
mf,history=5,test,gini,5.0,0.991385286060737,197,0,20260903,20260908T113236,1788847480,5
mf,history=5,test,precision_at_k,10.0,0.019289340101522848,197,0,20260903,20260908T113236,1788847480,5
mf,history=5,test,recall_at_k,10.0,0.014708296104378184,197,0,20260903,20260908T113236,1788847480,5
mf,history=5,test,coverage,10.0,0.05931656995486783,197,0,20260903,20260908T113236,1788847480,5
mf,history=5,test,mean_popularity,10.0,95.7746192893401,197,0,20260903,20260908T113236,1788847480,5
mf,history=5,test,popularity_percentile,10.0,0.7237759947601115,197,0,20260903,20260908T113236,1788847480,5
mf,history=5,test,gini,10.0,0.9854614838306381,197,0,20260903,20260908T113236,1788847480,5
mf,history=5,test,precision_at_k,20.0,0.01954314720812183,197,0,20260903,20260908T113236,1788847480,5
mf,history=5,test,recall_at_k,20.0,0.030735824606214213,197,0,20260903,20260908T113236,1788847480,5
mf,history=5,test,coverage,20.0,0.08639587362991619,197,0,20260903,20260908T113236,1788847480,5
mf,history=5,test,mean_popularity,20.0,91.10431472081218,197,0,20260903,20260908T113236,1788847480,5
mf,history=5,test,popularity_percentile,20.0,0.715526281316522,197,0,20260903,20260908T113236,1788847480,5
mf,history=5,test,gini,20.0,0.9760943488235853,197,0,20260903,20260908T113236,1788847480,5
mf_ranking,history=5,test,rmse,,1.036410799751422,200,5081,20260903,20260908T113236,1788847498,5
mf_ranking,history=5,test,mae,,0.8209357505879915,200,5081,20260903,20260908T113236,1788847498,5
mf_ranking,history=5,test,precision_at_k,5.0,0.028426395939086302,197,0,20260903,20260908T113236,1788847498,5
mf_ranking,history=5,test,recall_at_k,5.0,0.011710033311102864,197,0,20260903,20260908T113236,1788847498,5
mf_ranking,history=5,test,coverage,5.0,0.02385557704706641,197,0,20260903,20260908T113236,1788847498,5
mf_ranking,history=5,test,mean_popularity,5.0,140.9482233502538,197,0,20260903,20260908T113236,1788847498,5
mf_ranking,history=5,test,popularity_percentile,5.0,0.9219629932863928,197,0,20260903,20260908T113236,1788847498,5
mf_ranking,history=5,test,gini,5.0,0.9934353798269988,197,0,20260903,20260908T113236,1788847498,5
mf_ranking,history=5,test,precision_at_k,10.0,0.02487309644670051,197,0,20260903,20260908T113236,1788847498,5
mf_ranking,history=5,test,recall_at_k,10.0,0.0180373729396031,197,0,20260903,20260908T113236,1788847498,5
mf_ranking,history=5,test,coverage,10.0,0.037395228884590584,197,0,20260903,20260908T113236,1788847498,5
mf_ranking,history=5,test,mean_popularity,10.0,135.43147208121826,197,0,20260903,20260908T113236,1788847498,5
mf_ranking,history=5,test,popularity_percentile,10.0,0.9093374815785165,197,0,20260903,20260908T113236,1788847498,5
mf_ranking,history=5,test,gini,10.0,0.9875122321606823,197,0,20260903,20260908T113236,1788847498,5
mf_ranking,history=5,test,precision_at_k,20.0,0.022588832487309647,197,0,20260903,20260908T113236,1788847498,5
mf_ranking,history=5,test,recall_at_k,20.0,0.037562638616292617,197,0,20260903,20260908T113236,1788847498,5
mf_ranking,history=5,test,coverage,20.0,0.048355899419729204,197,0,20260903,20260908T113236,1788847498,5
mf_ranking,history=5,test,mean_popularity,20.0,120.07994923857868,197,0,20260903,20260908T113236,1788847498,5
mf_ranking,history=5,test,popularity_percentile,20.0,0.8812272801702965,197,0,20260903,20260908T113236,1788847498,5
mf_ranking,history=5,test,gini,20.0,0.9797955797307779,197,0,20260903,20260908T113236,1788847498,5
global_mean,history=10,test,rmse,,1.2078333015383447,200,5081,20260903,20260908T113236,1788847498,10
global_mean,history=10,test,mae,,0.9966677053010526,200,5081,20260903,20260908T113236,1788847498,10
global_mean,history=10,test,precision_at_k,5.0,0.019289340101522848,197,0,20260903,20260908T113236,1788847498,10
global_mean,history=10,test,recall_at_k,5.0,0.006858401649323616,197,0,20260903,20260908T113236,1788847498,10
global_mean,history=10,test,coverage,5.0,0.004510309278350515,197,0,20260903,20260908T113236,1788847498,10
global_mean,history=10,test,mean_popularity,5.0,105.12791878172588,197,0,20260903,20260908T113236,1788847498,10
global_mean,history=10,test,popularity_percentile,5.0,0.8290168124707491,197,0,20260903,20260908T113236,1788847498,10
global_mean,history=10,test,gini,5.0,0.9967142445967868,197,0,20260903,20260908T113236,1788847498,10
global_mean,history=10,test,precision_at_k,10.0,0.022335025380710662,197,0,20260903,20260908T113236,1788847498,10
global_mean,history=10,test,recall_at_k,10.0,0.02056042989838101,197,0,20260903,20260908T113236,1788847498,10
global_mean,history=10,test,coverage,10.0,0.008376288659793814,197,0,20260903,20260908T113236,1788847498,10
global_mean,history=10,test,mean_popularity,10.0,117.50050761421319,197,0,20260903,20260908T113236,1788847498,10
global_mean,history=10,test,popularity_percentile,10.0,0.843501981691851,197,0,20260903,20260908T113236,1788847498,10
global_mean,history=10,test,gini,10.0,0.9934670835731854,197,0,20260903,20260908T113236,1788847498,10
global_mean,history=10,test,precision_at_k,20.0,0.0200507614213198,197,0,20260903,20260908T113236,1788847498,10
global_mean,history=10,test,recall_at_k,20.0,0.036847350796105086,197,0,20260903,20260908T113236,1788847498,10
global_mean,history=10,test,coverage,20.0,0.014819587628865979,197,0,20260903,20260908T113236,1788847498,10
global_mean,history=10,test,mean_popularity,20.0,102.27335025380711,197,0,20260903,20260908T113236,1788847498,10
global_mean,history=10,test,popularity_percentile,20.0,0.8160371399490094,197,0,20260903,20260908T113236,1788847498,10
global_mean,history=10,test,gini,20.0,0.9869753780940917,197,0,20260903,20260908T113236,1788847498,10
user_mean,history=10,test,rmse,,1.141503415662658,200,5081,20260903,20260908T113236,1788847498,10
user_mean,history=10,test,mae,,0.9223082772416135,200,5081,20260903,20260908T113236,1788847498,10
user_mean,history=10,test,precision_at_k,5.0,0.019289340101522848,197,0,20260903,20260908T113236,1788847498,10
user_mean,history=10,test,recall_at_k,5.0,0.006858401649323616,197,0,20260903,20260908T113236,1788847498,10
user_mean,history=10,test,coverage,5.0,0.004510309278350515,197,0,20260903,20260908T113236,1788847498,10
user_mean,history=10,test,mean_popularity,5.0,105.12791878172588,197,0,20260903,20260908T113236,1788847498,10
user_mean,history=10,test,popularity_percentile,5.0,0.8290168124707491,197,0,20260903,20260908T113236,1788847498,10
user_mean,history=10,test,gini,5.0,0.9967142445967868,197,0,20260903,20260908T113236,1788847498,10
user_mean,history=10,test,precision_at_k,10.0,0.022335025380710662,197,0,20260903,20260908T113236,1788847498,10
user_mean,history=10,test,recall_at_k,10.0,0.02056042989838101,197,0,20260903,20260908T113236,1788847498,10
user_mean,history=10,test,coverage,10.0,0.008376288659793814,197,0,20260903,20260908T113236,1788847498,10
user_mean,history=10,test,mean_popularity,10.0,117.50050761421319,197,0,20260903,20260908T113236,1788847498,10
user_mean,history=10,test,popularity_percentile,10.0,0.843501981691851,197,0,20260903,20260908T113236,1788847498,10
user_mean,history=10,test,gini,10.0,0.9934670835731854,197,0,20260903,20260908T113236,1788847498,10
user_mean,history=10,test,precision_at_k,20.0,0.0200507614213198,197,0,20260903,20260908T113236,1788847498,10
user_mean,history=10,test,recall_at_k,20.0,0.036847350796105086,197,0,20260903,20260908T113236,1788847498,10
user_mean,history=10,test,coverage,20.0,0.014819587628865979,197,0,20260903,20260908T113236,1788847498,10
user_mean,history=10,test,mean_popularity,20.0,102.27335025380711,197,0,20260903,20260908T113236,1788847498,10
user_mean,history=10,test,popularity_percentile,20.0,0.8160371399490094,197,0,20260903,20260908T113236,1788847498,10
user_mean,history=10,test,gini,20.0,0.9869753780940917,197,0,20260903,20260908T113236,1788847498,10
item_mean,history=10,test,rmse,,1.0755381202818342,200,5081,20260903,20260908T113236,1788847498,10
item_mean,history=10,test,mae,,0.8602215485574259,200,5081,20260903,20260908T113236,1788847498,10
item_mean,history=10,test,precision_at_k,5.0,0.024365482233502538,197,0,20260903,20260908T113236,1788847498,10
item_mean,history=10,test,recall_at_k,5.0,0.009943211083734676,197,0,20260903,20260908T113236,1788847498,10
item_mean,history=10,test,coverage,5.0,0.004510309278350515,197,0,20260903,20260908T113236,1788847498,10
item_mean,history=10,test,mean_popularity,5.0,139.19187817258884,197,0,20260903,20260908T113236,1788847498,10
item_mean,history=10,test,popularity_percentile,5.0,0.9268767161844168,197,0,20260903,20260908T113236,1788847498,10
item_mean,history=10,test,gini,5.0,0.9966985451881313,197,0,20260903,20260908T113236,1788847498,10
item_mean,history=10,test,precision_at_k,10.0,0.029441624365482238,197,0,20260903,20260908T113236,1788847498,10
item_mean,history=10,test,recall_at_k,10.0,0.022893033612080907,197,0,20260903,20260908T113236,1788847498,10
item_mean,history=10,test,coverage,10.0,0.00902061855670103,197,0,20260903,20260908T113236,1788847498,10
item_mean,history=10,test,mean_popularity,10.0,173.54416243654822,197,0,20260903,20260908T113236,1788847498,10
item_mean,history=10,test,popularity_percentile,10.0,0.9467401087230441,197,0,20260903,20260908T113236,1788847498,10
item_mean,history=10,test,gini,10.0,0.9933970903762624,197,0,20260903,20260908T113236,1788847498,10
item_mean,history=10,test,precision_at_k,20.0,0.025634517766497462,197,0,20260903,20260908T113236,1788847498,10
item_mean,history=10,test,recall_at_k,20.0,0.039469634371693825,197,0,20260903,20260908T113236,1788847498,10
item_mean,history=10,test,coverage,20.0,0.015463917525773196,197,0,20260903,20260908T113236,1788847498,10
item_mean,history=10,test,mean_popularity,20.0,149.5705583756345,197,0,20260903,20260908T113236,1788847498,10
item_mean,history=10,test,popularity_percentile,20.0,0.9206689969137319,197,0,20260903,20260908T113236,1788847498,10
item_mean,history=10,test,gini,20.0,0.9868854335653358,197,0,20260903,20260908T113236,1788847498,10
most_popular,history=10,test,rmse,,1.2078333015383447,200,5081,20260903,20260908T113236,1788847498,10
most_popular,history=10,test,mae,,0.9966677053010526,200,5081,20260903,20260908T113236,1788847498,10
most_popular,history=10,test,precision_at_k,5.0,0.050761421319796954,197,0,20260903,20260908T113236,1788847498,10
most_popular,history=10,test,recall_at_k,5.0,0.02143913735155029,197,0,20260903,20260908T113236,1788847498,10
most_popular,history=10,test,coverage,5.0,0.005154639175257732,197,0,20260903,20260908T113236,1788847498,10
most_popular,history=10,test,mean_popularity,5.0,359.73908629441627,197,0,20260903,20260908T113236,1788847498,10
most_popular,history=10,test,popularity_percentile,5.0,0.9986025063247226,197,0,20260903,20260908T113236,1788847498,10
most_popular,history=10,test,gini,5.0,0.9966449055418912,197,0,20260903,20260908T113236,1788847498,10
most_popular,history=10,test,precision_at_k,10.0,0.042131979695431476,197,0,20260903,20260908T113236,1788847498,10
most_popular,history=10,test,recall_at_k,10.0,0.0366613562934247,197,0,20260903,20260908T113236,1788847498,10
most_popular,history=10,test,coverage,10.0,0.00902061855670103,197,0,20260903,20260908T113236,1788847498,10
most_popular,history=10,test,mean_popularity,10.0,334.3,197,0,20260903,20260908T113236,1788847498,10
most_popular,history=10,test,popularity_percentile,10.0,0.9969425325727301,197,0,20260903,20260908T113236,1788847498,10
most_popular,history=10,test,gini,10.0,0.993373541263279,197,0,20260903,20260908T113236,1788847498,10
most_popular,history=10,test,precision_at_k,20.0,0.04365482233502538,197,0,20260903,20260908T113236,1788847498,10
most_popular,history=10,test,recall_at_k,20.0,0.08620892850923123,197,0,20260903,20260908T113236,1788847498,10
most_popular,history=10,test,coverage,20.0,0.01610824742268041,197,0,20260903,20260908T113236,1788847498,10
most_popular,history=10,test,mean_popularity,20.0,286.03299492385787,197,0,20260903,20260908T113236,1788847498,10
most_popular,history=10,test,popularity_percentile,20.0,0.9935908387253025,197,0,20260903,20260908T113236,1788847498,10
most_popular,history=10,test,gini,20.0,0.9867268041237114,197,0,20260903,20260908T113236,1788847498,10
content,history=10,test,rmse,,1.1612433705963596,200,5081,20260903,20260908T113236,1788847499,10
content,history=10,test,mae,,0.9231459158169908,200,5081,20260903,20260908T113236,1788847499,10
content,history=10,test,precision_at_k,5.0,0.022335025380710662,197,0,20260903,20260908T113236,1788847499,10
content,history=10,test,recall_at_k,5.0,0.007458185186168381,197,0,20260903,20260908T113236,1788847499,10
content,history=10,test,coverage,5.0,0.2712628865979381,197,0,20260903,20260908T113236,1788847499,10
content,history=10,test,mean_popularity,5.0,50.111675126903556,197,0,20260903,20260908T113236,1788847499,10
content,history=10,test,popularity_percentile,5.0,0.5924692436842777,197,0,20260903,20260908T113236,1788847499,10
content,history=10,test,gini,5.0,0.8339061437019205,197,0,20260903,20260908T113236,1788847499,10
content,history=10,test,precision_at_k,10.0,0.018781725888324875,197,0,20260903,20260908T113236,1788847499,10
content,history=10,test,recall_at_k,10.0,0.012957873192573187,197,0,20260903,20260908T113236,1788847499,10
content,history=10,test,coverage,10.0,0.39884020618556704,197,0,20260903,20260908T113236,1788847499,10
content,history=10,test,mean_popularity,10.0,49.53096446700508,197,0,20260903,20260908T113236,1788847499,10
content,history=10,test,popularity_percentile,10.0,0.595531620339915,197,0,20260903,20260908T113236,1788847499,10
content,history=10,test,gini,10.0,0.7822197655554974,197,0,20260903,20260908T113236,1788847499,10
content,history=10,test,precision_at_k,20.0,0.014213197969543146,197,0,20260903,20260908T113236,1788847499,10
content,history=10,test,recall_at_k,20.0,0.01923305290436947,197,0,20260903,20260908T113236,1788847499,10
content,history=10,test,coverage,20.0,0.5277061855670103,197,0,20260903,20260908T113236,1788847499,10
content,history=10,test,mean_popularity,20.0,47.774365482233506,197,0,20260903,20260908T113236,1788847499,10
content,history=10,test,popularity_percentile,20.0,0.5854860299724756,197,0,20260903,20260908T113236,1788847499,10
content,history=10,test,gini,20.0,0.7328176513684651,197,0,20260903,20260908T113236,1788847499,10
item_knn,history=10,test,rmse,,1.0948850913815225,200,5081,20260903,20260908T113236,1788847502,10
item_knn,history=10,test,mae,,0.854700380830245,200,5081,20260903,20260908T113236,1788847502,10
item_knn,history=10,test,precision_at_k,5.0,0.02030456852791878,197,0,20260903,20260908T113236,1788847502,10
item_knn,history=10,test,recall_at_k,5.0,0.005631214208612939,197,0,20260903,20260908T113236,1788847502,10
item_knn,history=10,test,coverage,5.0,0.17268041237113402,197,0,20260903,20260908T113236,1788847502,10
item_knn,history=10,test,mean_popularity,5.0,84.98172588832487,197,0,20260903,20260908T113236,1788847502,10
item_knn,history=10,test,popularity_percentile,5.0,0.6981727852016221,197,0,20260903,20260908T113236,1788847502,10
item_knn,history=10,test,gini,5.0,0.9201835522528652,197,0,20260903,20260908T113236,1788847502,10
item_knn,history=10,test,precision_at_k,10.0,0.019796954314720814,197,0,20260903,20260908T113236,1788847502,10
item_knn,history=10,test,recall_at_k,10.0,0.01476370007482529,197,0,20260903,20260908T113236,1788847502,10
item_knn,history=10,test,coverage,10.0,0.2847938144329897,197,0,20260903,20260908T113236,1788847502,10
item_knn,history=10,test,mean_popularity,10.0,80.68527918781726,197,0,20260903,20260908T113236,1788847502,10
item_knn,history=10,test,popularity_percentile,10.0,0.6851980219082497,197,0,20260903,20260908T113236,1788847502,10
item_knn,history=10,test,gini,10.0,0.8826083259197237,197,0,20260903,20260908T113236,1788847502,10
item_knn,history=10,test,precision_at_k,20.0,0.015736040609137057,197,0,20260903,20260908T113236,1788847502,10
item_knn,history=10,test,recall_at_k,20.0,0.02279367192317503,197,0,20260903,20260908T113236,1788847502,10
item_knn,history=10,test,coverage,20.0,0.4323453608247423,197,0,20260903,20260908T113236,1788847502,10
item_knn,history=10,test,mean_popularity,20.0,77.93324873096446,197,0,20260903,20260908T113236,1788847502,10
item_knn,history=10,test,popularity_percentile,20.0,0.6797139228989322,197,0,20260903,20260908T113236,1788847502,10
item_knn,history=10,test,gini,20.0,0.835685082945209,197,0,20260903,20260908T113236,1788847502,10
item_knn_ranking,history=10,test,rmse,,1.154911489083266,200,5081,20260903,20260908T113236,1788847505,10
item_knn_ranking,history=10,test,mae,,0.9082217586697048,200,5081,20260903,20260908T113236,1788847505,10
item_knn_ranking,history=10,test,precision_at_k,5.0,0.027411167512690356,197,0,20260903,20260908T113236,1788847505,10
item_knn_ranking,history=10,test,recall_at_k,5.0,0.010800132255682299,197,0,20260903,20260908T113236,1788847505,10
item_knn_ranking,history=10,test,coverage,5.0,0.1713917525773196,197,0,20260903,20260908T113236,1788847505,10
item_knn_ranking,history=10,test,mean_popularity,5.0,123.0497461928934,197,0,20260903,20260908T113236,1788847505,10
item_knn_ranking,history=10,test,popularity_percentile,5.0,0.8255816617410742,197,0,20260903,20260908T113236,1788847505,10
item_knn_ranking,history=10,test,gini,5.0,0.9329968862839499,197,0,20260903,20260908T113236,1788847505,10
item_knn_ranking,history=10,test,precision_at_k,10.0,0.019289340101522844,197,0,20260903,20260908T113236,1788847505,10
item_knn_ranking,history=10,test,recall_at_k,10.0,0.014677816766983392,197,0,20260903,20260908T113236,1788847505,10
item_knn_ranking,history=10,test,coverage,10.0,0.2802835051546392,197,0,20260903,20260908T113236,1788847505,10
item_knn_ranking,history=10,test,mean_popularity,10.0,112.61878172588833,197,0,20260903,20260908T113236,1788847505,10
item_knn_ranking,history=10,test,popularity_percentile,10.0,0.788844924021509,197,0,20260903,20260908T113236,1788847505,10
item_knn_ranking,history=10,test,gini,10.0,0.8971060756711497,197,0,20260903,20260908T113236,1788847505,10
item_knn_ranking,history=10,test,precision_at_k,20.0,0.021319796954314723,197,0,20260903,20260908T113236,1788847505,10
item_knn_ranking,history=10,test,recall_at_k,20.0,0.0327794202499703,197,0,20260903,20260908T113236,1788847505,10
item_knn_ranking,history=10,test,coverage,20.0,0.4271907216494845,197,0,20260903,20260908T113236,1788847505,10
item_knn_ranking,history=10,test,mean_popularity,20.0,100.98401015228427,197,0,20260903,20260908T113236,1788847505,10
item_knn_ranking,history=10,test,popularity_percentile,20.0,0.7617656203464606,197,0,20260903,20260908T113236,1788847505,10
item_knn_ranking,history=10,test,gini,20.0,0.8560962766235806,197,0,20260903,20260908T113236,1788847505,10
mf,history=10,test,rmse,,1.0275031729051258,200,5081,20260903,20260908T113236,1788847529,10
mf,history=10,test,mae,,0.8074946835788115,200,5081,20260903,20260908T113236,1788847529,10
mf,history=10,test,precision_at_k,5.0,0.02436548223350254,197,0,20260903,20260908T113236,1788847529,10
mf,history=10,test,recall_at_k,5.0,0.009933928905963793,197,0,20260903,20260908T113236,1788847529,10
mf,history=10,test,coverage,5.0,0.035438144329896906,197,0,20260903,20260908T113236,1788847529,10
mf,history=10,test,mean_popularity,5.0,110.01218274111675,197,0,20260903,20260908T113236,1788847529,10
mf,history=10,test,popularity_percentile,5.0,0.7549895760717663,197,0,20260903,20260908T113236,1788847529,10
mf,history=10,test,gini,5.0,0.9910833900256424,197,0,20260903,20260908T113236,1788847529,10
mf,history=10,test,precision_at_k,10.0,0.02030456852791878,197,0,20260903,20260908T113236,1788847529,10
mf,history=10,test,recall_at_k,10.0,0.016826037742682962,197,0,20260903,20260908T113236,1788847529,10
mf,history=10,test,coverage,10.0,0.05798969072164949,197,0,20260903,20260908T113236,1788847529,10
mf,history=10,test,mean_popularity,10.0,109.01522842639594,197,0,20260903,20260908T113236,1788847529,10
mf,history=10,test,popularity_percentile,10.0,0.7633431190618792,197,0,20260903,20260908T113236,1788847529,10
mf,history=10,test,gini,10.0,0.9846904599926736,197,0,20260903,20260908T113236,1788847529,10
mf,history=10,test,precision_at_k,20.0,0.01979695431472081,197,0,20260903,20260908T113236,1788847529,10
mf,history=10,test,recall_at_k,20.0,0.03003216967484639,197,0,20260903,20260908T113236,1788847529,10
mf,history=10,test,coverage,20.0,0.09536082474226804,197,0,20260903,20260908T113236,1788847529,10
mf,history=10,test,mean_popularity,20.0,102.14187817258883,197,0,20260903,20260908T113236,1788847529,10
mf,history=10,test,popularity_percentile,20.0,0.7541322611578578,197,0,20260903,20260908T113236,1788847529,10
mf,history=10,test,gini,20.0,0.974680124548642,197,0,20260903,20260908T113236,1788847529,10
mf_ranking,history=10,test,rmse,,1.0253309500297083,200,5081,20260903,20260908T113236,1788847546,10
mf_ranking,history=10,test,mae,,0.8086563524914337,200,5081,20260903,20260908T113236,1788847546,10
mf_ranking,history=10,test,precision_at_k,5.0,0.03248730964467005,197,0,20260903,20260908T113236,1788847546,10
mf_ranking,history=10,test,recall_at_k,5.0,0.013178969443371335,197,0,20260903,20260908T113236,1788847546,10
mf_ranking,history=10,test,coverage,5.0,0.029639175257731958,197,0,20260903,20260908T113236,1788847546,10
mf_ranking,history=10,test,mean_popularity,5.0,145.8467005076142,197,0,20260903,20260908T113236,1788847546,10
mf_ranking,history=10,test,popularity_percentile,5.0,0.9243376632727534,197,0,20260903,20260908T113236,1788847546,10
mf_ranking,history=10,test,gini,5.0,0.9925172693495211,197,0,20260903,20260908T113236,1788847546,10
mf_ranking,history=10,test,precision_at_k,10.0,0.02690355329949239,197,0,20260903,20260908T113236,1788847546,10
mf_ranking,history=10,test,recall_at_k,10.0,0.02080467527637081,197,0,20260903,20260908T113236,1788847546,10
mf_ranking,history=10,test,coverage,10.0,0.04445876288659794,197,0,20260903,20260908T113236,1788847546,10
mf_ranking,history=10,test,mean_popularity,10.0,139.18324873096446,197,0,20260903,20260908T113236,1788847546,10
mf_ranking,history=10,test,popularity_percentile,10.0,0.9113105348767947,197,0,20260903,20260908T113236,1788847546,10
mf_ranking,history=10,test,gini,10.0,0.9863042283740646,197,0,20260903,20260908T113236,1788847546,10
mf_ranking,history=10,test,precision_at_k,20.0,0.023857868020304564,197,0,20260903,20260908T113236,1788847546,10
mf_ranking,history=10,test,recall_at_k,20.0,0.03660910465813041,197,0,20260903,20260908T113236,1788847546,10
mf_ranking,history=10,test,coverage,20.0,0.059278350515463915,197,0,20260903,20260908T113236,1788847546,10
mf_ranking,history=10,test,mean_popularity,20.0,123.5766497461929,197,0,20260903,20260908T113236,1788847546,10
mf_ranking,history=10,test,popularity_percentile,20.0,0.8833771891067494,197,0,20260903,20260908T113236,1788847546,10
mf_ranking,history=10,test,gini,20.0,0.9789032654770004,197,0,20260903,20260908T113236,1788847546,10
global_mean,history=20,test,rmse,,1.2086176546667111,200,5081,20260903,20260908T113236,1788847546,20
global_mean,history=20,test,mae,,0.996818774683966,200,5081,20260903,20260908T113236,1788847546,20
global_mean,history=20,test,precision_at_k,5.0,0.019289340101522848,197,0,20260903,20260908T113236,1788847546,20
global_mean,history=20,test,recall_at_k,5.0,0.006858401649323616,197,0,20260903,20260908T113236,1788847546,20
global_mean,history=20,test,coverage,5.0,0.0045045045045045045,197,0,20260903,20260908T113236,1788847546,20
global_mean,history=20,test,mean_popularity,5.0,105.92182741116751,197,0,20260903,20260908T113236,1788847546,20
global_mean,history=20,test,popularity_percentile,5.0,0.8215832464429416,197,0,20260903,20260908T113236,1788847546,20
global_mean,history=20,test,gini,5.0,0.9966466103521942,197,0,20260903,20260908T113236,1788847546,20
global_mean,history=20,test,precision_at_k,10.0,0.02284263959390863,197,0,20260903,20260908T113236,1788847546,20
global_mean,history=20,test,recall_at_k,10.0,0.02102189736492462,197,0,20260903,20260908T113236,1788847546,20
global_mean,history=20,test,coverage,10.0,0.009009009009009009,197,0,20260903,20260908T113236,1788847546,20
global_mean,history=20,test,mean_popularity,10.0,121.24365482233503,197,0,20260903,20260908T113236,1788847546,20
global_mean,history=20,test,popularity_percentile,10.0,0.845218522525585,197,0,20260903,20260908T113236,1788847546,20
global_mean,history=20,test,gini,10.0,0.9933480979166258,197,0,20260903,20260908T113236,1788847546,20
global_mean,history=20,test,precision_at_k,20.0,0.0200507614213198,197,0,20260903,20260908T113236,1788847546,20
global_mean,history=20,test,recall_at_k,20.0,0.036847350796105086,197,0,20260903,20260908T113236,1788847546,20
global_mean,history=20,test,coverage,20.0,0.016087516087516088,197,0,20260903,20260908T113236,1788847546,20
global_mean,history=20,test,mean_popularity,20.0,104.73096446700508,197,0,20260903,20260908T113236,1788847546,20
global_mean,history=20,test,popularity_percentile,20.0,0.8160973847898778,197,0,20260903,20260908T113236,1788847546,20
global_mean,history=20,test,gini,20.0,0.9868085634583097,197,0,20260903,20260908T113236,1788847546,20
user_mean,history=20,test,rmse,,1.12729612026786,200,5081,20260903,20260908T113236,1788847546,20
user_mean,history=20,test,mae,,0.9039410396276947,200,5081,20260903,20260908T113236,1788847546,20
user_mean,history=20,test,precision_at_k,5.0,0.019289340101522848,197,0,20260903,20260908T113236,1788847546,20
user_mean,history=20,test,recall_at_k,5.0,0.006858401649323616,197,0,20260903,20260908T113236,1788847546,20
user_mean,history=20,test,coverage,5.0,0.0045045045045045045,197,0,20260903,20260908T113236,1788847546,20
user_mean,history=20,test,mean_popularity,5.0,105.92182741116751,197,0,20260903,20260908T113236,1788847546,20
user_mean,history=20,test,popularity_percentile,5.0,0.8215832464429416,197,0,20260903,20260908T113236,1788847546,20
user_mean,history=20,test,gini,5.0,0.9966466103521942,197,0,20260903,20260908T113236,1788847546,20
user_mean,history=20,test,precision_at_k,10.0,0.02284263959390863,197,0,20260903,20260908T113236,1788847546,20
user_mean,history=20,test,recall_at_k,10.0,0.02102189736492462,197,0,20260903,20260908T113236,1788847546,20
user_mean,history=20,test,coverage,10.0,0.009009009009009009,197,0,20260903,20260908T113236,1788847546,20
user_mean,history=20,test,mean_popularity,10.0,121.24365482233503,197,0,20260903,20260908T113236,1788847546,20
user_mean,history=20,test,popularity_percentile,10.0,0.845218522525585,197,0,20260903,20260908T113236,1788847546,20
user_mean,history=20,test,gini,10.0,0.9933480979166258,197,0,20260903,20260908T113236,1788847546,20
user_mean,history=20,test,precision_at_k,20.0,0.0200507614213198,197,0,20260903,20260908T113236,1788847546,20
user_mean,history=20,test,recall_at_k,20.0,0.036847350796105086,197,0,20260903,20260908T113236,1788847546,20
user_mean,history=20,test,coverage,20.0,0.016087516087516088,197,0,20260903,20260908T113236,1788847546,20
user_mean,history=20,test,mean_popularity,20.0,104.73096446700508,197,0,20260903,20260908T113236,1788847546,20
user_mean,history=20,test,popularity_percentile,20.0,0.8160973847898778,197,0,20260903,20260908T113236,1788847546,20
user_mean,history=20,test,gini,20.0,0.9868085634583097,197,0,20260903,20260908T113236,1788847546,20
item_mean,history=20,test,rmse,,1.0751866610937681,200,5081,20260903,20260908T113236,1788847547,20
item_mean,history=20,test,mae,,0.859051005712661,200,5081,20260903,20260908T113236,1788847547,20
item_mean,history=20,test,precision_at_k,5.0,0.024365482233502538,197,0,20260903,20260908T113236,1788847547,20
item_mean,history=20,test,recall_at_k,5.0,0.009943211083734676,197,0,20260903,20260908T113236,1788847547,20
item_mean,history=20,test,coverage,5.0,0.005148005148005148,197,0,20260903,20260908T113236,1788847547,20
item_mean,history=20,test,mean_popularity,5.0,142.26497461928935,197,0,20260903,20260908T113236,1788847547,20
item_mean,history=20,test,popularity_percentile,5.0,0.9257824221009933,197,0,20260903,20260908T113236,1788847547,20
item_mean,history=20,test,gini,5.0,0.9966479169524854,197,0,20260903,20260908T113236,1788847547,20
item_mean,history=20,test,precision_at_k,10.0,0.029949238578680204,197,0,20260903,20260908T113236,1788847547,20
item_mean,history=20,test,recall_at_k,10.0,0.02321029249532964,197,0,20260903,20260908T113236,1788847547,20
item_mean,history=20,test,coverage,10.0,0.009652509652509652,197,0,20260903,20260908T113236,1788847547,20
item_mean,history=20,test,mean_popularity,10.0,173.17664974619288,197,0,20260903,20260908T113236,1788847547,20
item_mean,history=20,test,popularity_percentile,10.0,0.939955743100794,197,0,20260903,20260908T113236,1788847547,20
item_mean,history=20,test,gini,10.0,0.9932612089972496,197,0,20260903,20260908T113236,1788847547,20
item_mean,history=20,test,precision_at_k,20.0,0.027411167512690356,197,0,20260903,20260908T113236,1788847547,20
item_mean,history=20,test,recall_at_k,20.0,0.041833767147889896,197,0,20260903,20260908T113236,1788847547,20
item_mean,history=20,test,coverage,20.0,0.017374517374517374,197,0,20260903,20260908T113236,1788847547,20
item_mean,history=20,test,mean_popularity,20.0,157.0444162436548,197,0,20260903,20260908T113236,1788847547,20
item_mean,history=20,test,popularity_percentile,20.0,0.9294950660421454,197,0,20260903,20260908T113236,1788847547,20
item_mean,history=20,test,gini,20.0,0.9866129000646767,197,0,20260903,20260908T113236,1788847547,20
most_popular,history=20,test,rmse,,1.2086176546667111,200,5081,20260903,20260908T113236,1788847547,20
most_popular,history=20,test,mae,,0.996818774683966,200,5081,20260903,20260908T113236,1788847547,20
most_popular,history=20,test,precision_at_k,5.0,0.050761421319796954,197,0,20260903,20260908T113236,1788847547,20
most_popular,history=20,test,recall_at_k,5.0,0.02143913735155029,197,0,20260903,20260908T113236,1788847547,20
most_popular,history=20,test,coverage,5.0,0.007722007722007722,197,0,20260903,20260908T113236,1788847547,20
most_popular,history=20,test,mean_popularity,5.0,367.10253807106596,197,0,20260903,20260908T113236,1788847547,20
most_popular,history=20,test,popularity_percentile,5.0,0.9984637560836893,197,0,20260903,20260908T113236,1788847547,20
most_popular,history=20,test,gini,5.0,0.9964284081035351,197,0,20260903,20260908T113236,1788847547,20
most_popular,history=20,test,precision_at_k,10.0,0.04517766497461928,197,0,20260903,20260908T113236,1788847547,20
most_popular,history=20,test,recall_at_k,10.0,0.04280960239389535,197,0,20260903,20260908T113236,1788847547,20
most_popular,history=20,test,coverage,10.0,0.010939510939510939,197,0,20260903,20260908T113236,1788847547,20
most_popular,history=20,test,mean_popularity,10.0,339.8030456852792,197,0,20260903,20260908T113236,1788847547,20
most_popular,history=20,test,popularity_percentile,10.0,0.9967238781333655,197,0,20260903,20260908T113236,1788847547,20
most_popular,history=20,test,gini,10.0,0.9930005422391209,197,0,20260903,20260908T113236,1788847547,20
most_popular,history=20,test,precision_at_k,20.0,0.04416243654822335,197,0,20260903,20260908T113236,1788847547,20
most_popular,history=20,test,recall_at_k,20.0,0.08281252795547027,197,0,20260903,20260908T113236,1788847547,20
most_popular,history=20,test,coverage,20.0,0.01866151866151866,197,0,20260903,20260908T113236,1788847547,20
most_popular,history=20,test,mean_popularity,20.0,290.99314720812185,197,0,20260903,20260908T113236,1788847547,20
most_popular,history=20,test,popularity_percentile,20.0,0.9932019572401215,197,0,20260903,20260908T113236,1788847547,20
most_popular,history=20,test,gini,20.0,0.9860660878427376,197,0,20260903,20260908T113236,1788847547,20
content,history=20,test,rmse,,1.1262460469040294,200,5081,20260903,20260908T113236,1788847547,20
content,history=20,test,mae,,0.8895671124717597,200,5081,20260903,20260908T113236,1788847547,20
content,history=20,test,precision_at_k,5.0,0.02842639593908629,197,0,20260903,20260908T113236,1788847547,20
content,history=20,test,recall_at_k,5.0,0.011766483638725985,197,0,20260903,20260908T113236,1788847547,20
content,history=20,test,coverage,5.0,0.24581724581724582,197,0,20260903,20260908T113236,1788847547,20
content,history=20,test,mean_popularity,5.0,58.048730964467005,197,0,20260903,20260908T113236,1788847547,20
content,history=20,test,popularity_percentile,5.0,0.629396517629216,197,0,20260903,20260908T113236,1788847547,20
content,history=20,test,gini,5.0,0.8567319313512207,197,0,20260903,20260908T113236,1788847547,20
content,history=20,test,precision_at_k,10.0,0.01928934010152284,197,0,20260903,20260908T113236,1788847547,20
content,history=20,test,recall_at_k,10.0,0.01689011998553572,197,0,20260903,20260908T113236,1788847547,20
content,history=20,test,coverage,10.0,0.35456885456885456,197,0,20260903,20260908T113236,1788847547,20
content,history=20,test,mean_popularity,10.0,55.53045685279188,197,0,20260903,20260908T113236,1788847547,20
content,history=20,test,popularity_percentile,10.0,0.6181329079789895,197,0,20260903,20260908T113236,1788847547,20
content,history=20,test,gini,10.0,0.8088861885816201,197,0,20260903,20260908T113236,1788847547,20
content,history=20,test,precision_at_k,20.0,0.01700507614213198,197,0,20260903,20260908T113236,1788847547,20
content,history=20,test,recall_at_k,20.0,0.028922624127407013,197,0,20260903,20260908T113236,1788847547,20
content,history=20,test,coverage,20.0,0.481981981981982,197,0,20260903,20260908T113236,1788847547,20
content,history=20,test,mean_popularity,20.0,51.24111675126903,197,0,20260903,20260908T113236,1788847547,20
content,history=20,test,popularity_percentile,20.0,0.5926726068098097,197,0,20260903,20260908T113236,1788847547,20
content,history=20,test,gini,20.0,0.7592350508594163,197,0,20260903,20260908T113236,1788847547,20
item_knn,history=20,test,rmse,,1.0399595374248218,200,5081,20260903,20260908T113236,1788847551,20
item_knn,history=20,test,mae,,0.8090146073655294,200,5081,20260903,20260908T113236,1788847551,20
item_knn,history=20,test,precision_at_k,5.0,0.021319796954314723,197,0,20260903,20260908T113236,1788847551,20
item_knn,history=20,test,recall_at_k,5.0,0.00707162350259809,197,0,20260903,20260908T113236,1788847551,20
item_knn,history=20,test,coverage,5.0,0.16666666666666666,197,0,20260903,20260908T113236,1788847551,20
item_knn,history=20,test,mean_popularity,5.0,79.28324873096447,197,0,20260903,20260908T113236,1788847551,20
item_knn,history=20,test,popularity_percentile,5.0,0.6312393566079735,197,0,20260903,20260908T113236,1788847551,20
item_knn,history=20,test,gini,5.0,0.924911641155296,197,0,20260903,20260908T113236,1788847551,20
item_knn,history=20,test,precision_at_k,10.0,0.02284263959390863,197,0,20260903,20260908T113236,1788847551,20
item_knn,history=20,test,recall_at_k,10.0,0.01562601415994165,197,0,20260903,20260908T113236,1788847551,20
item_knn,history=20,test,coverage,10.0,0.2528957528957529,197,0,20260903,20260908T113236,1788847551,20
item_knn,history=20,test,mean_popularity,10.0,81.72994923857868,197,0,20260903,20260908T113236,1788847551,20
item_knn,history=20,test,popularity_percentile,10.0,0.648983627562177,197,0,20260903,20260908T113236,1788847551,20
item_knn,history=20,test,gini,10.0,0.8985614330791996,197,0,20260903,20260908T113236,1788847551,20
item_knn,history=20,test,precision_at_k,20.0,0.021573604060913704,197,0,20260903,20260908T113236,1788847551,20
item_knn,history=20,test,recall_at_k,20.0,0.034177139680645674,197,0,20260903,20260908T113236,1788847551,20
item_knn,history=20,test,coverage,20.0,0.36036036036036034,197,0,20260903,20260908T113236,1788847551,20
item_knn,history=20,test,mean_popularity,20.0,82.93350253807107,197,0,20260903,20260908T113236,1788847551,20
item_knn,history=20,test,popularity_percentile,20.0,0.6640097273657339,197,0,20260903,20260908T113236,1788847551,20
item_knn,history=20,test,gini,20.0,0.8708631401524802,197,0,20260903,20260908T113236,1788847551,20
item_knn_ranking,history=20,test,rmse,,1.1388368663036017,200,5081,20260903,20260908T113236,1788847554,20
item_knn_ranking,history=20,test,mae,,0.8924031671711793,200,5081,20260903,20260908T113236,1788847554,20
item_knn_ranking,history=20,test,precision_at_k,5.0,0.03248730964467005,197,0,20260903,20260908T113236,1788847554,20
item_knn_ranking,history=20,test,recall_at_k,5.0,0.014392773478314361,197,0,20260903,20260908T113236,1788847554,20
item_knn_ranking,history=20,test,coverage,5.0,0.15637065637065636,197,0,20260903,20260908T113236,1788847554,20
item_knn_ranking,history=20,test,mean_popularity,5.0,127.49644670050762,197,0,20260903,20260908T113236,1788847554,20
item_knn_ranking,history=20,test,popularity_percentile,5.0,0.8077139056223259,197,0,20260903,20260908T113236,1788847554,20
item_knn_ranking,history=20,test,gini,5.0,0.9410795131607315,197,0,20260903,20260908T113236,1788847554,20
item_knn_ranking,history=20,test,precision_at_k,10.0,0.03096446700507614,197,0,20260903,20260908T113236,1788847554,20
item_knn_ranking,history=20,test,recall_at_k,10.0,0.024975982631545334,197,0,20260903,20260908T113236,1788847554,20
item_knn_ranking,history=20,test,coverage,10.0,0.24581724581724582,197,0,20260903,20260908T113236,1788847554,20
item_knn_ranking,history=20,test,mean_popularity,10.0,121.05076142131979,197,0,20260903,20260908T113236,1788847554,20
item_knn_ranking,history=20,test,popularity_percentile,10.0,0.7991818683994627,197,0,20260903,20260908T113236,1788847554,20
item_knn_ranking,history=20,test,gini,10.0,0.917339892466796,197,0,20260903,20260908T113236,1788847554,20
item_knn_ranking,history=20,test,precision_at_k,20.0,0.0266497461928934,197,0,20260903,20260908T113236,1788847554,20
item_knn_ranking,history=20,test,recall_at_k,20.0,0.044495307319174816,197,0,20260903,20260908T113236,1788847554,20
item_knn_ranking,history=20,test,coverage,20.0,0.36229086229086227,197,0,20260903,20260908T113236,1788847554,20
item_knn_ranking,history=20,test,mean_popularity,20.0,109.51675126903554,197,0,20260903,20260908T113236,1788847554,20
item_knn_ranking,history=20,test,popularity_percentile,20.0,0.7669560470809731,197,0,20260903,20260908T113236,1788847554,20
item_knn_ranking,history=20,test,gini,20.0,0.885882183851727,197,0,20260903,20260908T113236,1788847554,20
mf,history=20,test,rmse,,1.001014406595516,200,5081,20260903,20260908T113236,1788847578,20
mf,history=20,test,mae,,0.7858360571945718,200,5081,20260903,20260908T113236,1788847578,20
mf,history=20,test,precision_at_k,5.0,0.02030456852791878,197,0,20260903,20260908T113236,1788847578,20
mf,history=20,test,recall_at_k,5.0,0.010663680354858474,197,0,20260903,20260908T113236,1788847578,20
mf,history=20,test,coverage,5.0,0.03667953667953668,197,0,20260903,20260908T113236,1788847578,20
mf,history=20,test,mean_popularity,5.0,86.61319796954315,197,0,20260903,20260908T113236,1788847578,20
mf,history=20,test,popularity_percentile,5.0,0.6606705214404084,197,0,20260903,20260908T113236,1788847578,20
mf,history=20,test,gini,5.0,0.9918370146796542,197,0,20260903,20260908T113236,1788847578,20
mf,history=20,test,precision_at_k,10.0,0.02030456852791878,197,0,20260903,20260908T113236,1788847578,20
mf,history=20,test,recall_at_k,10.0,0.018332385608663758,197,0,20260903,20260908T113236,1788847578,20
mf,history=20,test,coverage,10.0,0.06177606177606178,197,0,20260903,20260908T113236,1788847578,20
mf,history=20,test,mean_popularity,10.0,97.56700507614214,197,0,20260903,20260908T113236,1788847578,20
mf,history=20,test,popularity_percentile,10.0,0.7149845885317758,197,0,20260903,20260908T113236,1788847578,20
mf,history=20,test,gini,10.0,0.9855267885724739,197,0,20260903,20260908T113236,1788847578,20
mf,history=20,test,precision_at_k,20.0,0.01852791878172589,197,0,20260903,20260908T113236,1788847578,20
mf,history=20,test,recall_at_k,20.0,0.030463760307917455,197,0,20260903,20260908T113236,1788847578,20
mf,history=20,test,coverage,20.0,0.0945945945945946,197,0,20260903,20260908T113236,1788847578,20
mf,history=20,test,mean_popularity,20.0,93.9517766497462,197,0,20260903,20260908T113236,1788847578,20
mf,history=20,test,popularity_percentile,20.0,0.7177254764807594,197,0,20260903,20260908T113236,1788847578,20
mf,history=20,test,gini,20.0,0.9736220266677119,197,0,20260903,20260908T113236,1788847578,20
mf_ranking,history=20,test,rmse,,1.004653705459972,200,5081,20260903,20260908T113236,1788847598,20
mf_ranking,history=20,test,mae,,0.7882543841214552,200,5081,20260903,20260908T113236,1788847598,20
mf_ranking,history=20,test,precision_at_k,5.0,0.029441624365482238,197,0,20260903,20260908T113236,1788847598,20
mf_ranking,history=20,test,recall_at_k,5.0,0.011614582107897578,197,0,20260903,20260908T113236,1788847598,20
mf_ranking,history=20,test,coverage,5.0,0.03667953667953668,197,0,20260903,20260908T113236,1788847598,20
mf_ranking,history=20,test,mean_popularity,5.0,156.5279187817259,197,0,20260903,20260908T113236,1788847598,20
mf_ranking,history=20,test,popularity_percentile,5.0,0.9216358709685853,197,0,20260903,20260908T113236,1788847598,20
mf_ranking,history=20,test,gini,5.0,0.9895308651653829,197,0,20260903,20260908T113236,1788847598,20
mf_ranking,history=20,test,precision_at_k,10.0,0.02690355329949239,197,0,20260903,20260908T113236,1788847598,20
mf_ranking,history=20,test,recall_at_k,10.0,0.020802920742332483,197,0,20260903,20260908T113236,1788847598,20
mf_ranking,history=20,test,coverage,10.0,0.05662805662805663,197,0,20260903,20260908T113236,1788847598,20
mf_ranking,history=20,test,mean_popularity,10.0,143.65989847715736,197,0,20260903,20260908T113236,1788847598,20
mf_ranking,history=20,test,popularity_percentile,10.0,0.8927208187199493,197,0,20260903,20260908T113236,1788847598,20
mf_ranking,history=20,test,gini,10.0,0.9828351919722478,197,0,20260903,20260908T113236,1788847598,20
mf_ranking,history=20,test,precision_at_k,20.0,0.02512690355329949,197,0,20260903,20260908T113236,1788847598,20
mf_ranking,history=20,test,recall_at_k,20.0,0.042245765798646466,197,0,20260903,20260908T113236,1788847598,20
mf_ranking,history=20,test,coverage,20.0,0.07979407979407979,197,0,20260903,20260908T113236,1788847598,20
mf_ranking,history=20,test,mean_popularity,20.0,126.34746192893401,197,0,20260903,20260908T113236,1788847598,20
mf_ranking,history=20,test,popularity_percentile,20.0,0.8595627915186261,197,0,20260903,20260908T113236,1788847598,20
mf_ranking,history=20,test,gini,20.0,0.9744876493607458,197,0,20260903,20260908T113236,1788847598,20
